step_index,role,observation,action,reward,agent_debug
0,平台,"{""当前轮次"": 1, ""总轮次"": 50, ""候选价格"": [0.1, 0.15, 0.2, 0.25, 0.3, 0.35, 0.4, 0.45, 0.5, 0.55, 0.6, 0.65, 0.7, 0.75, 0.8, 0.85, 0.9, 0.95, 1.0, 1.05, 1.1, 1.15, 1.2, 1.25, 1.3, 1.35, 1.4, 1.45, 1.5, 1.55, 1.6], ""卖家数量"": 3, ""最近历史"": []}","{""价格"": 0.8}","{""轮次"": 1, ""买家ID"": ""buyer_1"", ""价格"": 0.8, ""报价"": 1.074, ""买家效用"": 0.661986, ""平台效用"": 0.327856, ""卖家效用"": [0.019633, -0.019999, 0.005406], ""平台收入"": 0.392896, ""增益"": 0.9822}","{""role"": ""平台"", ""fallback"": false, ""raw"": ""{\""reasoning\"": \""首轮无历史数据，选择候选价格中位数附近以平衡收入与成交概率，避免过高导致流拍或过低损失收入。\"", \""价格\"": 0.8}"", ""error"": null, ""attempts"": 1, ""action"": {""价格"": 0.8}}"
1,平台,"{""当前轮次"": 2, ""总轮次"": 50, ""候选价格"": [0.1, 0.15, 0.2, 0.25, 0.3, 0.35, 0.4, 0.45, 0.5, 0.55, 0.6, 0.65, 0.7, 0.75, 0.8, 0.85, 0.9, 0.95, 1.0, 1.05, 1.1, 1.15, 1.2, 1.25, 1.3, 1.35, 1.4, 1.45, 1.5, 1.55, 1.6], ""卖家数量"": 3, ""最近历史"": [{""轮次"": 1, ""价格"": 0.8, ""报价"": 1.074, ""平台收入"": 0.3929, ""平台效用"": 0.3279, ""买家效用"": 0.662, ""增益"": 0.9822}]}","{""价格"": 0.9}","{""轮次"": 2, ""买家ID"": ""buyer_2"", ""价格"": 0.9, ""报价"": 0.7389, ""买家效用"": 0.412593, ""平台效用"": 0.243404, ""卖家效用"": [0.003955, -0.01999, -7.4e-05], ""平台收入"": 0.287296, ""增益"": 0.9472}","{""role"": ""平台"", ""fallback"": false, ""raw"": ""{\""reasoning\"": \""上一轮报价1.074远高于定价0.8，说明买家估值较高，本轮适度提高价格以增加收入，同时保持在候选价格范围内。\"", \""价格\"": 0.9}"", ""error"": ""RuntimeError('LLM request failed: [SSL: UNEXPECTED_EOF_WHILE_READING] EOF occurred in violation of protocol (_ssl.c:1028)')"", ""attempts"": 2, ""action"": {""价格"": 0.9}}"
2,平台,"{""当前轮次"": 3, ""总轮次"": 50, ""候选价格"": [0.1, 0.15, 0.2, 0.25, 0.3, 0.35, 0.4, 0.45, 0.5, 0.55, 0.6, 0.65, 0.7, 0.75, 0.8, 0.85, 0.9, 0.95, 1.0, 1.05, 1.1, 1.15, 1.2, 1.25, 1.3, 1.35, 1.4, 1.45, 1.5, 1.55, 1.6], ""卖家数量"": 3, ""最近历史"": [{""轮次"": 1, ""价格"": 0.8, ""报价"": 1.074, ""平台收入"": 0.3929, ""平台效用"": 0.3279, ""买家效用"": 0.662, ""增益"": 0.9822}, {""轮次"": 2, ""价格"": 0.9, ""报价"": 0.7389, ""平台收入"": 0.2873, ""平台效用"": 0.2434, ""买家效用"": 0.4126, ""增益"": 0.9472}]}","{""价格"": 0.75}","{""轮次"": 3, ""买家ID"": ""buyer_3"", ""价格"": 0.75, ""报价"": 1.1586, ""买家效用"": 0.76968, ""平台效用"": 0.307365, ""卖家效用"": [0.01144, -0.019999, 0.009534], ""平台收入"": 0.368341, ""增益"": 0.9822}","{""role"": ""平台"", ""fallback"": false, ""raw"": ""{\""reasoning\"": \""第2轮报价0.7389低于定价0.9导致收入下降，说明买家估值回落，本轮应适度降价至0.75以恢复成交概率和收入平衡。\"", \""价格\"": 0.75}"", ""error"": ""RemoteDisconnected('Remote end closed connection without response')"", ""attempts"": 3, ""action"": {""价格"": 0.75}}"
3,平台,"{""当前轮次"": 4, ""总轮次"": 50, ""候选价格"": [0.1, 0.15, 0.2, 0.25, 0.3, 0.35, 0.4, 0.45, 0.5, 0.55, 0.6, 0.65, 0.7, 0.75, 0.8, 0.85, 0.9, 0.95, 1.0, 1.05, 1.1, 1.15, 1.2, 1.25, 1.3, 1.35, 1.4, 1.45, 1.5, 1.55, 1.6], ""卖家数量"": 3, ""最近历史"": [{""轮次"": 1, ""价格"": 0.8, ""报价"": 1.074, ""平台收入"": 0.3929, ""平台效用"": 0.3279, ""买家效用"": 0.662, ""增益"": 0.9822}, {""轮次"": 2, ""价格"": 0.9, ""报价"": 0.7389, ""平台收入"": 0.2873, ""平台效用"": 0.2434, ""买家效用"": 0.4126, ""增益"": 0.9472}, {""轮次"": 3, ""价格"": 0.75, ""报价"": 1.1586, ""平台收入"": 0.3683, ""平台效用"": 0.3074, ""买家效用"": 0.7697, ""增益"": 0.9822}]}","{""价格"": 0.85}","{""轮次"": 4, ""买家ID"": ""buyer_4"", ""价格"": 0.85, ""报价"": 0.9974, ""买家效用"": 0.562201, ""平台效用"": 0.348348, ""卖家效用"": [0.013472, -0.019999, 0.015632], ""平台收入"": 0.417454, ""增益"": 0.9822}","{""role"": ""平台"", ""fallback"": false, ""raw"": ""{\""reasoning\"": \""第3轮报价1.1586远高于定价0.75，买家估值回升且效用高，本轮适度提价至0.85以捕获更高收入，同时保持成交概率和买家效用平衡。\"", \""价格\"": 0.85}"", ""error"": null, ""attempts"": 1, ""action"": {""价格"": 0.85}}"
4,平台,"{""当前轮次"": 5, ""总轮次"": 50, ""候选价格"": [0.1, 0.15, 0.2, 0.25, 0.3, 0.35, 0.4, 0.45, 0.5, 0.55, 0.6, 0.65, 0.7, 0.75, 0.8, 0.85, 0.9, 0.95, 1.0, 1.05, 1.1, 1.15, 1.2, 1.25, 1.3, 1.35, 1.4, 1.45, 1.5, 1.55, 1.6], ""卖家数量"": 3, ""最近历史"": [{""轮次"": 1, ""价格"": 0.8, ""报价"": 1.074, ""平台收入"": 0.3929, ""平台效用"": 0.3279, ""买家效用"": 0.662, ""增益"": 0.9822}, {""轮次"": 2, ""价格"": 0.9, ""报价"": 0.7389, ""平台收入"": 0.2873, ""平台效用"": 0.2434, ""买家效用"": 0.4126, ""增益"": 0.9472}, {""轮次"": 3, ""价格"": 0.75, ""报价"": 1.1586, ""平台收入"": 0.3683, ""平台效用"": 0.3074, ""买家效用"": 0.7697, ""增益"": 0.9822}, {""轮次"": 4, ""价格"": 0.85, ""报价"": 0.9974, ""平台收入"": 0.4175, ""平台效用"": 0.3483, ""买家效用"": 0.5622, ""增益"": 0.9822}]}","{""价格"": 0.85}","{""轮次"": 5, ""买家ID"": ""buyer_5"", ""价格"": 0.85, ""报价"": 0.3942, ""买家效用"": 0.256941, ""平台效用"": 0.068095, ""卖家效用"": [-0.014636, -0.019979, -0.01592], ""平台收入"": 0.07756, ""增益"": 0.8486}","{""role"": ""平台"", ""fallback"": false, ""raw"": ""{\""reasoning\"": \""第4轮报价0.9974略高于定价0.85，收入达0.4175为历史最高，说明买家估值稳定在1.0附近，本轮维持0.85以巩固高收入并避免价格波动导致买家退出。\"", \""价格\"": 0.85}"", ""error"": null, ""attempts"": 1, ""action"": {""价格"": 0.85}}"
5,平台,"{""当前轮次"": 6, ""总轮次"": 50, ""候选价格"": [0.1, 0.15, 0.2, 0.25, 0.3, 0.35, 0.4, 0.45, 0.5, 0.55, 0.6, 0.65, 0.7, 0.75, 0.8, 0.85, 0.9, 0.95, 1.0, 1.05, 1.1, 1.15, 1.2, 1.25, 1.3, 1.35, 1.4, 1.45, 1.5, 1.55, 1.6], ""卖家数量"": 3, ""最近历史"": [{""轮次"": 1, ""价格"": 0.8, ""报价"": 1.074, ""平台收入"": 0.3929, ""平台效用"": 0.3279, ""买家效用"": 0.662, ""增益"": 0.9822}, {""轮次"": 2, ""价格"": 0.9, ""报价"": 0.7389, ""平台收入"": 0.2873, ""平台效用"": 0.2434, ""买家效用"": 0.4126, ""增益"": 0.9472}, {""轮次"": 3, ""价格"": 0.75, ""报价"": 1.1586, ""平台收入"": 0.3683, ""平台效用"": 0.3074, ""买家效用"": 0.7697, ""增益"": 0.9822}, {""轮次"": 4, ""价格"": 0.85, ""报价"": 0.9974, ""平台收入"": 0.4175, ""平台效用"": 0.3483, ""买家效用"": 0.5622, ""增益"": 0.9822}, {""轮次"": 5, ""价格"": 0.85, ""报价"": 0.3942, ""平台收入"": 0.0776, ""平台效用"": 0.0681, ""买家效用"": 0.2569, ""增益"": 0.8486}]}","{""价格"": 0.4}","{""轮次"": 6, ""买家ID"": ""buyer_6"", ""价格"": 0.4, ""报价"": 1.2756, ""买家效用"": 1.056518, ""平台效用"": 0.163929, ""卖家效用"": [-0.004756, -0.019999, -0.002724], ""平台收入"": 0.196449, ""增益"": 0.9822}","{""role"": ""平台"", ""fallback"": false, ""raw"": ""{\""reasoning\"": \""第5轮报价0.3942远低于定价0.85导致收入骤降，说明买家估值大幅回落，本轮应大幅降价至0.4附近以恢复成交概率和收入平衡。\"", \""价格\"": 0.4}"", ""error"": null, ""attempts"": 1, ""action"": {""价格"": 0.4}}"
6,平台,"{""当前轮次"": 7, ""总轮次"": 50, ""候选价格"": [0.1, 0.15, 0.2, 0.25, 0.3, 0.35, 0.4, 0.45, 0.5, 0.55, 0.6, 0.65, 0.7, 0.75, 0.8, 0.85, 0.9, 0.95, 1.0, 1.05, 1.1, 1.15, 1.2, 1.25, 1.3, 1.35, 1.4, 1.45, 1.5, 1.55, 1.6], ""卖家数量"": 3, ""最近历史"": [{""轮次"": 1, ""价格"": 0.8, ""报价"": 1.074, ""平台收入"": 0.3929, ""平台效用"": 0.3279, ""买家效用"": 0.662, ""增益"": 0.9822}, {""轮次"": 2, ""价格"": 0.9, ""报价"": 0.7389, ""平台收入"": 0.2873, ""平台效用"": 0.2434, ""买家效用"": 0.4126, ""增益"": 0.9472}, {""轮次"": 3, ""价格"": 0.75, ""报价"": 1.1586, ""平台收入"": 0.3683, ""平台效用"": 0.3074, ""买家效用"": 0.7697, ""增益"": 0.9822}, {""轮次"": 4, ""价格"": 0.85, ""报价"": 0.9974, ""平台收入"": 0.4175, ""平台效用"": 0.3483, ""买家效用"": 0.5622, ""增益"": 0.9822}, {""轮次"": 5, ""价格"": 0.85, ""报价"": 0.3942, ""平台收入"": 0.0776, ""平台效用"": 0.0681, ""买家效用"": 0.2569, ""增益"": 0.8486}, {""轮次"": 6, ""价格"": 0.4, ""报价"": 1.2756, ""平台收入"": 0.1964, ""平台效用"": 0.1639, ""买家效用"": 1.0565, ""增益"": 0.9822}]}","{""价格"": 0.75}","{""轮次"": 7, ""买家ID"": ""buyer_7"", ""价格"": 0.75, ""报价"": 1.0611, ""买家效用"": 0.673951, ""平台效用"": 0.307366, ""卖家效用"": [0.008582, -0.019999, 0.012393], ""平台收入"": 0.368342, ""增益"": 0.9822}","{""role"": ""平台"", ""fallback"": false, ""raw"": ""{\""reasoning\"": \""第6轮报价1.2756远高于定价0.4，说明买家估值大幅回升，本轮应适度提价至0.75以捕获更高收入，同时避免价格剧烈波动导致买家退出。\"", \""价格\"": 0.75}"", ""error"": null, ""attempts"": 1, ""action"": {""价格"": 0.75}}"
7,平台,"{""当前轮次"": 8, ""总轮次"": 50, ""候选价格"": [0.1, 0.15, 0.2, 0.25, 0.3, 0.35, 0.4, 0.45, 0.5, 0.55, 0.6, 0.65, 0.7, 0.75, 0.8, 0.85, 0.9, 0.95, 1.0, 1.05, 1.1, 1.15, 1.2, 1.25, 1.3, 1.35, 1.4, 1.45, 1.5, 1.55, 1.6], ""卖家数量"": 3, ""最近历史"": [{""轮次"": 1, ""价格"": 0.8, ""报价"": 1.074, ""平台收入"": 0.3929, ""平台效用"": 0.3279, ""买家效用"": 0.662, ""增益"": 0.9822}, {""轮次"": 2, ""价格"": 0.9, ""报价"": 0.7389, ""平台收入"": 0.2873, ""平台效用"": 0.2434, ""买家效用"": 0.4126, ""增益"": 0.9472}, {""轮次"": 3, ""价格"": 0.75, ""报价"": 1.1586, ""平台收入"": 0.3683, ""平台效用"": 0.3074, ""买家效用"": 0.7697, ""增益"": 0.9822}, {""轮次"": 4, ""价格"": 0.85, ""报价"": 0.9974, ""平台收入"": 0.4175, ""平台效用"": 0.3483, ""买家效用"": 0.5622, ""增益"": 0.9822}, {""轮次"": 5, ""价格"": 0.85, ""报价"": 0.3942, ""平台收入"": 0.0776, ""平台效用"": 0.0681, ""买家效用"": 0.2569, ""增益"": 0.8486}, {""轮次"": 6, ""价格"": 0.4, ""报价"": 1.2756, ""平台收入"": 0.1964, ""平台效用"": 0.1639, ""买家效用"": 1.0565, ""增益"": 0.9822}, {""轮次"": 7, ""价格"": 0.75, ""报价"": 1.0611, ""平台收入"": 0.3683, ""平台效用"": 0.3074, ""买家效用"": 0.674, ""增益"": 0.9822}]}","{""价格"": 0.8}","{""轮次"": 8, ""买家ID"": ""buyer_8"", ""价格"": 0.8, ""报价"": 1.0861, ""买家效用"": 0.673878, ""平台效用"": 0.327857, ""卖家效用"": [0.011503, -0.019999, 0.013536], ""平台收入"": 0.392897, ""增益"": 0.9822}","{""role"": ""平台"", ""fallback"": false, ""raw"": ""{\n  \""reasoning\"": \""第7轮报价1.0611高于定价0.75，收入恢复至0.3683，买家估值回升且稳定，本轮适度提价至0.8以捕获更高收入，同时避免价格剧烈波动导致买家退出。\"",\n  \""价格\"": 0.8\n}"", ""error"": null, ""attempts"": 1, ""action"": {""价格"": 0.8}}"
8,平台,"{""当前轮次"": 9, ""总轮次"": 50, ""候选价格"": [0.1, 0.15, 0.2, 0.25, 0.3, 0.35, 0.4, 0.45, 0.5, 0.55, 0.6, 0.65, 0.7, 0.75, 0.8, 0.85, 0.9, 0.95, 1.0, 1.05, 1.1, 1.15, 1.2, 1.25, 1.3, 1.35, 1.4, 1.45, 1.5, 1.55, 1.6], ""卖家数量"": 3, ""最近历史"": [{""轮次"": 1, ""价格"": 0.8, ""报价"": 1.074, ""平台收入"": 0.3929, ""平台效用"": 0.3279, ""买家效用"": 0.662, ""增益"": 0.9822}, {""轮次"": 2, ""价格"": 0.9, ""报价"": 0.7389, ""平台收入"": 0.2873, ""平台效用"": 0.2434, ""买家效用"": 0.4126, ""增益"": 0.9472}, {""轮次"": 3, ""价格"": 0.75, ""报价"": 1.1586, ""平台收入"": 0.3683, ""平台效用"": 0.3074, ""买家效用"": 0.7697, ""增益"": 0.9822}, {""轮次"": 4, ""价格"": 0.85, ""报价"": 0.9974, ""平台收入"": 0.4175, ""平台效用"": 0.3483, ""买家效用"": 0.5622, ""增益"": 0.9822}, {""轮次"": 5, ""价格"": 0.85, ""报价"": 0.3942, ""平台收入"": 0.0776, ""平台效用"": 0.0681, ""买家效用"": 0.2569, ""增益"": 0.8486}, {""轮次"": 6, ""价格"": 0.4, ""报价"": 1.2756, ""平台收入"": 0.1964, ""平台效用"": 0.1639, ""买家效用"": 1.0565, ""增益"": 0.9822}, {""轮次"": 7, ""价格"": 0.75, ""报价"": 1.0611, ""平台收入"": 0.3683, ""平台效用"": 0.3074, ""买家效用"": 0.674, ""增益"": 0.9822}, {""轮次"": 8, ""价格"": 0.8, ""报价"": 1.0861, ""平台收入"": 0.3929, ""平台效用"": 0.3279, ""买家效用"": 0.6739, ""增益"": 0.9822}]}","{""价格"": 0.8}","{""轮次"": 9, ""买家ID"": ""buyer_9"", ""价格"": 0.8, ""报价"": 0.4281, ""买家效用"": 0.273007, ""平台效用"": 0.088174, ""卖家效用"": [-0.013513, -0.019879, -0.015047], ""平台收入"": 0.099735, ""增益"": 0.8707}","{""role"": ""平台"", ""fallback"": false, ""raw"": ""{\""reasoning\"": \""第8轮报价1.0861高于定价0.8，收入达0.3929，买家估值稳定在1.0以上，本轮维持0.8以巩固高收入并避免价格波动导致买家退出。\"", \""价格\"": 0.8}"", ""error"": null, ""attempts"": 1, ""action"": {""价格"": 0.8}}"
9,平台,"{""当前轮次"": 10, ""总轮次"": 50, ""候选价格"": [0.1, 0.15, 0.2, 0.25, 0.3, 0.35, 0.4, 0.45, 0.5, 0.55, 0.6, 0.65, 0.7, 0.75, 0.8, 0.85, 0.9, 0.95, 1.0, 1.05, 1.1, 1.15, 1.2, 1.25, 1.3, 1.35, 1.4, 1.45, 1.5, 1.55, 1.6], ""卖家数量"": 3, ""最近历史"": [{""轮次"": 1, ""价格"": 0.8, ""报价"": 1.074, ""平台收入"": 0.3929, ""平台效用"": 0.3279, ""买家效用"": 0.662, ""增益"": 0.9822}, {""轮次"": 2, ""价格"": 0.9, ""报价"": 0.7389, ""平台收入"": 0.2873, ""平台效用"": 0.2434, ""买家效用"": 0.4126, ""增益"": 0.9472}, {""轮次"": 3, ""价格"": 0.75, ""报价"": 1.1586, ""平台收入"": 0.3683, ""平台效用"": 0.3074, ""买家效用"": 0.7697, ""增益"": 0.9822}, {""轮次"": 4, ""价格"": 0.85, ""报价"": 0.9974, ""平台收入"": 0.4175, ""平台效用"": 0.3483, ""买家效用"": 0.5622, ""增益"": 0.9822}, {""轮次"": 5, ""价格"": 0.85, ""报价"": 0.3942, ""平台收入"": 0.0776, ""平台效用"": 0.0681, ""买家效用"": 0.2569, ""增益"": 0.8486}, {""轮次"": 6, ""价格"": 0.4, ""报价"": 1.2756, ""平台收入"": 0.1964, ""平台效用"": 0.1639, ""买家效用"": 1.0565, ""增益"": 0.9822}, {""轮次"": 7, ""价格"": 0.75, ""报价"": 1.0611, ""平台收入"": 0.3683, ""平台效用"": 0.3074, ""买家效用"": 0.674, ""增益"": 0.9822}, {""轮次"": 8, ""价格"": 0.8, ""报价"": 1.0861, ""平台收入"": 0.3929, ""平台效用"": 0.3279, ""买家效用"": 0.6739, ""增益"": 0.9822}, {""轮次"": 9, ""价格"": 0.8, ""报价"": 0.4281, ""平台收入"": 0.0997, ""平台效用"": 0.0882, ""买家效用"": 0.273, ""增益"": 0.8707}]}","{""价格"": 0.4}","{""轮次"": 10, ""买家ID"": ""buyer_10"", ""价格"": 0.4, ""报价"": 0.7504, ""买家效用"": 0.54061, ""平台效用"": 0.163928, ""卖家效用"": [-0.002216, -0.019999, -0.005265], ""平台收入"": 0.196449, ""增益"": 0.9822}","{""role"": ""平台"", ""fallback"": false, ""raw"": ""{\""reasoning\"": \""第9轮报价0.4281远低于定价0.8导致收入骤降，与第5轮类似，说明买家估值大幅回落，本轮应大幅降价至0.4附近以恢复成交概率和收入平衡。\"", \""价格\"": 0.4}"", ""error"": null, ""attempts"": 1, ""action"": {""价格"": 0.4}}"
10,平台,"{""当前轮次"": 11, ""总轮次"": 50, ""候选价格"": [0.1, 0.15, 0.2, 0.25, 0.3, 0.35, 0.4, 0.45, 0.5, 0.55, 0.6, 0.65, 0.7, 0.75, 0.8, 0.85, 0.9, 0.95, 1.0, 1.05, 1.1, 1.15, 1.2, 1.25, 1.3, 1.35, 1.4, 1.45, 1.5, 1.55, 1.6], ""卖家数量"": 3, ""最近历史"": [{""轮次"": 1, ""价格"": 0.8, ""报价"": 1.074, ""平台收入"": 0.3929, ""平台效用"": 0.3279, ""买家效用"": 0.662, ""增益"": 0.9822}, {""轮次"": 2, ""价格"": 0.9, ""报价"": 0.7389, ""平台收入"": 0.2873, ""平台效用"": 0.2434, ""买家效用"": 0.4126, ""增益"": 0.9472}, {""轮次"": 3, ""价格"": 0.75, ""报价"": 1.1586, ""平台收入"": 0.3683, ""平台效用"": 0.3074, ""买家效用"": 0.7697, ""增益"": 0.9822}, {""轮次"": 4, ""价格"": 0.85, ""报价"": 0.9974, ""平台收入"": 0.4175, ""平台效用"": 0.3483, ""买家效用"": 0.5622, ""增益"": 0.9822}, {""轮次"": 5, ""价格"": 0.85, ""报价"": 0.3942, ""平台收入"": 0.0776, ""平台效用"": 0.0681, ""买家效用"": 0.2569, ""增益"": 0.8486}, {""轮次"": 6, ""价格"": 0.4, ""报价"": 1.2756, ""平台收入"": 0.1964, ""平台效用"": 0.1639, ""买家效用"": 1.0565, ""增益"": 0.9822}, {""轮次"": 7, ""价格"": 0.75, ""报价"": 1.0611, ""平台收入"": 0.3683, ""平台效用"": 0.3074, ""买家效用"": 0.674, ""增益"": 0.9822}, {""轮次"": 8, ""价格"": 0.8, ""报价"": 1.0861, ""平台收入"": 0.3929, ""平台效用"": 0.3279, ""买家效用"": 0.6739, ""增益"": 0.9822}, {""轮次"": 9, ""价格"": 0.8, ""报价"": 0.4281, ""平台收入"": 0.0997, ""平台效用"": 0.0882, ""买家效用"": 0.273, ""增益"": 0.8707}, {""轮次"": 10, ""价格"": 0.4, ""报价"": 0.7504, ""平台收入"": 0.1964, ""平台效用"": 0.1639, ""买家效用"": 0.5406, ""增益"": 0.9822}]}","{""价格"": 0.75}","{""轮次"": 11, ""买家ID"": ""buyer_11"", ""价格"": 0.75, ""报价"": 0.6708, ""买家效用"": 0.359744, ""平台效用"": 0.244785, ""卖家效用"": [0.002703, -0.01998, 0.003513], ""平台收入"": 0.291022, ""增益"": 0.9701}","{""role"": ""平台"", ""fallback"": false, ""raw"": ""{\""reasoning\"": \""第10轮报价0.7504高于定价0.4，收入恢复至0.1964，买家估值回升，本轮适度提价至0.75以捕获更高收入，同时避免价格剧烈波动导致买家退出。\"", \""价格\"": 0.75}"", ""error"": null, ""attempts"": 1, ""action"": {""价格"": 0.75}}"
11,平台,"{""当前轮次"": 12, ""总轮次"": 50, ""候选价格"": [0.1, 0.15, 0.2, 0.25, 0.3, 0.35, 0.4, 0.45, 0.5, 0.55, 0.6, 0.65, 0.7, 0.75, 0.8, 0.85, 0.9, 0.95, 1.0, 1.05, 1.1, 1.15, 1.2, 1.25, 1.3, 1.35, 1.4, 1.45, 1.5, 1.55, 1.6], ""卖家数量"": 3, ""最近历史"": [{""轮次"": 1, ""价格"": 0.9, ""报价"": 0.7389, ""平台收入"": 0.2873, ""平台效用"": 0.2434, ""买家效用"": 0.4126, ""增益"": 0.9472}, {""轮次"": 2, ""价格"": 0.75, ""报价"": 1.1586, ""平台收入"": 0.3683, ""平台效用"": 0.3074, ""买家效用"": 0.7697, ""增益"": 0.9822}, {""轮次"": 3, ""价格"": 0.85, ""报价"": 0.9974, ""平台收入"": 0.4175, ""平台效用"": 0.3483, ""买家效用"": 0.5622, ""增益"": 0.9822}, {""轮次"": 4, ""价格"": 0.85, ""报价"": 0.3942, ""平台收入"": 0.0776, ""平台效用"": 0.0681, ""买家效用"": 0.2569, ""增益"": 0.8486}, {""轮次"": 5, ""价格"": 0.4, ""报价"": 1.2756, ""平台收入"": 0.1964, ""平台效用"": 0.1639, ""买家效用"": 1.0565, ""增益"": 0.9822}, {""轮次"": 6, ""价格"": 0.75, ""报价"": 1.0611, ""平台收入"": 0.3683, ""平台效用"": 0.3074, ""买家效用"": 0.674, ""增益"": 0.9822}, {""轮次"": 7, ""价格"": 0.8, ""报价"": 1.0861, ""平台收入"": 0.3929, ""平台效用"": 0.3279, ""买家效用"": 0.6739, ""增益"": 0.9822}, {""轮次"": 8, ""价格"": 0.8, ""报价"": 0.4281, ""平台收入"": 0.0997, ""平台效用"": 0.0882, ""买家效用"": 0.273, ""增益"": 0.8707}, {""轮次"": 9, ""价格"": 0.4, ""报价"": 0.7504, ""平台收入"": 0.1964, ""平台效用"": 0.1639, ""买家效用"": 0.5406, ""增益"": 0.9822}, {""轮次"": 10, ""价格"": 0.75, ""报价"": 0.6708, ""平台收入"": 0.291, ""平台效用"": 0.2448, ""买家效用"": 0.3597, ""增益"": 0.9701}]}","{""价格"": 0.65}","{""轮次"": 12, ""买家ID"": ""buyer_12"", ""价格"": 0.65, ""报价"": 1.2268, ""买家效用"": 0.885747, ""平台效用"": 0.266384, ""卖家效用"": [0.007248, -0.019999, 0.005596], ""平台收入"": 0.31923, ""增益"": 0.9822}","{""role"": ""平台"", ""fallback"": false, ""raw"": ""{\""reasoning\"": \""第10轮报价0.6708低于定价0.75导致收入下降，买家估值回落至0.67附近，本轮应降价至0.65以匹配估值并恢复成交概率与收入平衡。\"", \""价格\"": 0.65}"", ""error"": null, ""attempts"": 1, ""action"": {""价格"": 0.65}}"
12,平台,"{""当前轮次"": 13, ""总轮次"": 50, ""候选价格"": [0.1, 0.15, 0.2, 0.25, 0.3, 0.35, 0.4, 0.45, 0.5, 0.55, 0.6, 0.65, 0.7, 0.75, 0.8, 0.85, 0.9, 0.95, 1.0, 1.05, 1.1, 1.15, 1.2, 1.25, 1.3, 1.35, 1.4, 1.45, 1.5, 1.55, 1.6], ""卖家数量"": 3, ""最近历史"": [{""轮次"": 1, ""价格"": 0.75, ""报价"": 1.1586, ""平台收入"": 0.3683, ""平台效用"": 0.3074, ""买家效用"": 0.7697, ""增益"": 0.9822}, {""轮次"": 2, ""价格"": 0.85, ""报价"": 0.9974, ""平台收入"": 0.4175, ""平台效用"": 0.3483, ""买家效用"": 0.5622, ""增益"": 0.9822}, {""轮次"": 3, ""价格"": 0.85, ""报价"": 0.3942, ""平台收入"": 0.0776, ""平台效用"": 0.0681, ""买家效用"": 0.2569, ""增益"": 0.8486}, {""轮次"": 4, ""价格"": 0.4, ""报价"": 1.2756, ""平台收入"": 0.1964, ""平台效用"": 0.1639, ""买家效用"": 1.0565, ""增益"": 0.9822}, {""轮次"": 5, ""价格"": 0.75, ""报价"": 1.0611, ""平台收入"": 0.3683, ""平台效用"": 0.3074, ""买家效用"": 0.674, ""增益"": 0.9822}, {""轮次"": 6, ""价格"": 0.8, ""报价"": 1.0861, ""平台收入"": 0.3929, ""平台效用"": 0.3279, ""买家效用"": 0.6739, ""增益"": 0.9822}, {""轮次"": 7, ""价格"": 0.8, ""报价"": 0.4281, ""平台收入"": 0.0997, ""平台效用"": 0.0882, ""买家效用"": 0.273, ""增益"": 0.8707}, {""轮次"": 8, ""价格"": 0.4, ""报价"": 0.7504, ""平台收入"": 0.1964, ""平台效用"": 0.1639, ""买家效用"": 0.5406, ""增益"": 0.9822}, {""轮次"": 9, ""价格"": 0.75, ""报价"": 0.6708, ""平台收入"": 0.291, ""平台效用"": 0.2448, ""买家效用"": 0.3597, ""增益"": 0.9701}, {""轮次"": 10, ""价格"": 0.65, ""报价"": 1.2268, ""平台收入"": 0.3192, ""平台效用"": 0.2664, ""买家效用"": 0.8857, ""增益"": 0.9822}]}","{""价格"": 0.75}","{""轮次"": 13, ""买家ID"": ""buyer_13"", ""价格"": 0.75, ""报价"": 0.9439, ""买家效用"": 0.55876, ""平台效用"": 0.307366, ""卖家效用"": [0.003818, -0.019999, 0.017156], ""平台收入"": 0.368342, ""增益"": 0.9822}","{""role"": ""平台"", ""fallback"": false, ""raw"": ""{\""reasoning\"": \""第10轮报价1.2268远高于定价0.65，收入达0.3192，买家估值显著回升，本轮应适度提价至0.75以捕获更高收入，同时避免价格剧烈波动导致买家退出。\"", \""价格\"": 0.75}"", ""error"": ""RemoteDisconnected('Remote end closed connection without response')"", ""attempts"": 3, ""action"": {""价格"": 0.75}}"
13,平台,"{""当前轮次"": 14, ""总轮次"": 50, ""候选价格"": [0.1, 0.15, 0.2, 0.25, 0.3, 0.35, 0.4, 0.45, 0.5, 0.55, 0.6, 0.65, 0.7, 0.75, 0.8, 0.85, 0.9, 0.95, 1.0, 1.05, 1.1, 1.15, 1.2, 1.25, 1.3, 1.35, 1.4, 1.45, 1.5, 1.55, 1.6], ""卖家数量"": 3, ""最近历史"": [{""轮次"": 1, ""价格"": 0.85, ""报价"": 0.9974, ""平台收入"": 0.4175, ""平台效用"": 0.3483, ""买家效用"": 0.5622, ""增益"": 0.9822}, {""轮次"": 2, ""价格"": 0.85, ""报价"": 0.3942, ""平台收入"": 0.0776, ""平台效用"": 0.0681, ""买家效用"": 0.2569, ""增益"": 0.8486}, {""轮次"": 3, ""价格"": 0.4, ""报价"": 1.2756, ""平台收入"": 0.1964, ""平台效用"": 0.1639, ""买家效用"": 1.0565, ""增益"": 0.9822}, {""轮次"": 4, ""价格"": 0.75, ""报价"": 1.0611, ""平台收入"": 0.3683, ""平台效用"": 0.3074, ""买家效用"": 0.674, ""增益"": 0.9822}, {""轮次"": 5, ""价格"": 0.8, ""报价"": 1.0861, ""平台收入"": 0.3929, ""平台效用"": 0.3279, ""买家效用"": 0.6739, ""增益"": 0.9822}, {""轮次"": 6, ""价格"": 0.8, ""报价"": 0.4281, ""平台收入"": 0.0997, ""平台效用"": 0.0882, ""买家效用"": 0.273, ""增益"": 0.8707}, {""轮次"": 7, ""价格"": 0.4, ""报价"": 0.7504, ""平台收入"": 0.1964, ""平台效用"": 0.1639, ""买家效用"": 0.5406, ""增益"": 0.9822}, {""轮次"": 8, ""价格"": 0.75, ""报价"": 0.6708, ""平台收入"": 0.291, ""平台效用"": 0.2448, ""买家效用"": 0.3597, ""增益"": 0.9701}, {""轮次"": 9, ""价格"": 0.65, ""报价"": 1.2268, ""平台收入"": 0.3192, ""平台效用"": 0.2664, ""买家效用"": 0.8857, ""增益"": 0.9822}, {""轮次"": 10, ""价格"": 0.75, ""报价"": 0.9439, ""平台收入"": 0.3683, ""平台效用"": 0.3074, ""买家效用"": 0.5588, ""增益"": 0.9822}]}","{""价格"": 0.8}","{""轮次"": 14, ""买家ID"": ""buyer_14"", ""价格"": 0.8, ""报价"": 1.1228, ""买家效用"": 0.709922, ""平台效用"": 0.327858, ""卖家效用"": [0.011503, -0.019999, 0.013536], ""平台收入"": 0.392898, ""增益"": 0.9822}","{""role"": ""平台"", ""fallback"": false, ""raw"": ""{\n  \""reasoning\"": \""第13轮报价1.2268远高于定价0.75，收入达0.3192，买家估值显著回升，本轮应适度提价至0.8以捕获更高收入，同时避免价格剧烈波动导致买家退出。\"",\n  \""价格\"": 0.8\n}"", ""error"": null, ""attempts"": 1, ""action"": {""价格"": 0.8}}"
14,平台,"{""当前轮次"": 15, ""总轮次"": 50, ""候选价格"": [0.1, 0.15, 0.2, 0.25, 0.3, 0.35, 0.4, 0.45, 0.5, 0.55, 0.6, 0.65, 0.7, 0.75, 0.8, 0.85, 0.9, 0.95, 1.0, 1.05, 1.1, 1.15, 1.2, 1.25, 1.3, 1.35, 1.4, 1.45, 1.5, 1.55, 1.6], ""卖家数量"": 3, ""最近历史"": [{""轮次"": 1, ""价格"": 0.85, ""报价"": 0.3942, ""平台收入"": 0.0776, ""平台效用"": 0.0681, ""买家效用"": 0.2569, ""增益"": 0.8486}, {""轮次"": 2, ""价格"": 0.4, ""报价"": 1.2756, ""平台收入"": 0.1964, ""平台效用"": 0.1639, ""买家效用"": 1.0565, ""增益"": 0.9822}, {""轮次"": 3, ""价格"": 0.75, ""报价"": 1.0611, ""平台收入"": 0.3683, ""平台效用"": 0.3074, ""买家效用"": 0.674, ""增益"": 0.9822}, {""轮次"": 4, ""价格"": 0.8, ""报价"": 1.0861, ""平台收入"": 0.3929, ""平台效用"": 0.3279, ""买家效用"": 0.6739, ""增益"": 0.9822}, {""轮次"": 5, ""价格"": 0.8, ""报价"": 0.4281, ""平台收入"": 0.0997, ""平台效用"": 0.0882, ""买家效用"": 0.273, ""增益"": 0.8707}, {""轮次"": 6, ""价格"": 0.4, ""报价"": 0.7504, ""平台收入"": 0.1964, ""平台效用"": 0.1639, ""买家效用"": 0.5406, ""增益"": 0.9822}, {""轮次"": 7, ""价格"": 0.75, ""报价"": 0.6708, ""平台收入"": 0.291, ""平台效用"": 0.2448, ""买家效用"": 0.3597, ""增益"": 0.9701}, {""轮次"": 8, ""价格"": 0.65, ""报价"": 1.2268, ""平台收入"": 0.3192, ""平台效用"": 0.2664, ""买家效用"": 0.8857, ""增益"": 0.9822}, {""轮次"": 9, ""价格"": 0.75, ""报价"": 0.9439, ""平台收入"": 0.3683, ""平台效用"": 0.3074, ""买家效用"": 0.5588, ""增益"": 0.9822}, {""轮次"": 10, ""价格"": 0.8, ""报价"": 1.1228, ""平台收入"": 0.3929, ""平台效用"": 0.3279, ""买家效用"": 0.7099, ""增益"": 0.9822}]}","{""价格"": 0.8}","{""轮次"": 15, ""买家ID"": ""buyer_15"", ""价格"": 0.8, ""报价"": 0.7434, ""买家效用"": 0.387681, ""平台效用"": 0.282149, ""卖家效用"": [0.007992, -0.019991, 0.006311], ""平台收入"": 0.33646, ""增益"": 0.9741}","{""role"": ""平台"", ""fallback"": false, ""raw"": ""{\""reasoning\"": \""第14轮报价1.1228高于定价0.8，收入达0.3929，买家估值稳定在1.0以上，本轮维持0.8以巩固高收入并避免价格波动导致买家退出。\"", \""价格\"": 0.8}"", ""error"": ""RemoteDisconnected('Remote end closed connection without response')"", ""attempts"": 2, ""action"": {""价格"": 0.8}}"
15,平台,"{""当前轮次"": 16, ""总轮次"": 50, ""候选价格"": [0.1, 0.15, 0.2, 0.25, 0.3, 0.35, 0.4, 0.45, 0.5, 0.55, 0.6, 0.65, 0.7, 0.75, 0.8, 0.85, 0.9, 0.95, 1.0, 1.05, 1.1, 1.15, 1.2, 1.25, 1.3, 1.35, 1.4, 1.45, 1.5, 1.55, 1.6], ""卖家数量"": 3, ""最近历史"": [{""轮次"": 1, ""价格"": 0.4, ""报价"": 1.2756, ""平台收入"": 0.1964, ""平台效用"": 0.1639, ""买家效用"": 1.0565, ""增益"": 0.9822}, {""轮次"": 2, ""价格"": 0.75, ""报价"": 1.0611, ""平台收入"": 0.3683, ""平台效用"": 0.3074, ""买家效用"": 0.674, ""增益"": 0.9822}, {""轮次"": 3, ""价格"": 0.8, ""报价"": 1.0861, ""平台收入"": 0.3929, ""平台效用"": 0.3279, ""买家效用"": 0.6739, ""增益"": 0.9822}, {""轮次"": 4, ""价格"": 0.8, ""报价"": 0.4281, ""平台收入"": 0.0997, ""平台效用"": 0.0882, ""买家效用"": 0.273, ""增益"": 0.8707}, {""轮次"": 5, ""价格"": 0.4, ""报价"": 0.7504, ""平台收入"": 0.1964, ""平台效用"": 0.1639, ""买家效用"": 0.5406, ""增益"": 0.9822}, {""轮次"": 6, ""价格"": 0.75, ""报价"": 0.6708, ""平台收入"": 0.291, ""平台效用"": 0.2448, ""买家效用"": 0.3597, ""增益"": 0.9701}, {""轮次"": 7, ""价格"": 0.65, ""报价"": 1.2268, ""平台收入"": 0.3192, ""平台效用"": 0.2664, ""买家效用"": 0.8857, ""增益"": 0.9822}, {""轮次"": 8, ""价格"": 0.75, ""报价"": 0.9439, ""平台收入"": 0.3683, ""平台效用"": 0.3074, ""买家效用"": 0.5588, ""增益"": 0.9822}, {""轮次"": 9, ""价格"": 0.8, ""报价"": 1.1228, ""平台收入"": 0.3929, ""平台效用"": 0.3279, ""买家效用"": 0.7099, ""增益"": 0.9822}, {""轮次"": 10, ""价格"": 0.8, ""报价"": 0.7434, ""平台收入"": 0.3365, ""平台效用"": 0.2821, ""买家效用"": 0.3877, ""增益"": 0.9741}]}","{""价格"": 0.8}","{""轮次"": 16, ""买家ID"": ""buyer_16"", ""价格"": 0.8, ""报价"": 0.5272, ""买家效用"": 0.315726, ""平台效用"": 0.134696, ""卖家效用"": [-0.009249, -0.019989, -0.010286], ""平台收入"": 0.155173, ""增益"": 0.8931}","{""role"": ""平台"", ""fallback"": false, ""raw"": ""{\""reasoning\"": \""第15轮报价1.1228高于定价0.8，收入达0.3929，买家估值稳定在1.0以上，本轮维持0.8以巩固高收入并避免价格波动导致买家退出。\"", \""价格\"": 0.8}"", ""error"": null, ""attempts"": 1, ""action"": {""价格"": 0.8}}"
16,平台,"{""当前轮次"": 17, ""总轮次"": 50, ""候选价格"": [0.1, 0.15, 0.2, 0.25, 0.3, 0.35, 0.4, 0.45, 0.5, 0.55, 0.6, 0.65, 0.7, 0.75, 0.8, 0.85, 0.9, 0.95, 1.0, 1.05, 1.1, 1.15, 1.2, 1.25, 1.3, 1.35, 1.4, 1.45, 1.5, 1.55, 1.6], ""卖家数量"": 3, ""最近历史"": [{""轮次"": 1, ""价格"": 0.75, ""报价"": 1.0611, ""平台收入"": 0.3683, ""平台效用"": 0.3074, ""买家效用"": 0.674, ""增益"": 0.9822}, {""轮次"": 2, ""价格"": 0.8, ""报价"": 1.0861, ""平台收入"": 0.3929, ""平台效用"": 0.3279, ""买家效用"": 0.6739, ""增益"": 0.9822}, {""轮次"": 3, ""价格"": 0.8, ""报价"": 0.4281, ""平台收入"": 0.0997, ""平台效用"": 0.0882, ""买家效用"": 0.273, ""增益"": 0.8707}, {""轮次"": 4, ""价格"": 0.4, ""报价"": 0.7504, ""平台收入"": 0.1964, ""平台效用"": 0.1639, ""买家效用"": 0.5406, ""增益"": 0.9822}, {""轮次"": 5, ""价格"": 0.75, ""报价"": 0.6708, ""平台收入"": 0.291, ""平台效用"": 0.2448, ""买家效用"": 0.3597, ""增益"": 0.9701}, {""轮次"": 6, ""价格"": 0.65, ""报价"": 1.2268, ""平台收入"": 0.3192, ""平台效用"": 0.2664, ""买家效用"": 0.8857, ""增益"": 0.9822}, {""轮次"": 7, ""价格"": 0.75, ""报价"": 0.9439, ""平台收入"": 0.3683, ""平台效用"": 0.3074, ""买家效用"": 0.5588, ""增益"": 0.9822}, {""轮次"": 8, ""价格"": 0.8, ""报价"": 1.1228, ""平台收入"": 0.3929, ""平台效用"": 0.3279, ""买家效用"": 0.7099, ""增益"": 0.9822}, {""轮次"": 9, ""价格"": 0.8, ""报价"": 0.7434, ""平台收入"": 0.3365, ""平台效用"": 0.2821, ""买家效用"": 0.3877, ""增益"": 0.9741}, {""轮次"": 10, ""价格"": 0.8, ""报价"": 0.5272, ""平台收入"": 0.1552, ""平台效用"": 0.1347, ""买家效用"": 0.3157, ""增益"": 0.8931}]}","{""价格"": 0.65}","{""轮次"": 17, ""买家ID"": ""buyer_17"", ""价格"": 0.65, ""报价"": 0.8546, ""买家效用"": 0.520179, ""平台效用"": 0.266383, ""卖家效用"": [0.001468, -0.019999, 0.011376], ""平台收入"": 0.319228, ""增益"": 0.9822}","{""role"": ""平台"", ""fallback"": false, ""raw"": ""{\""reasoning\"": \""最近两轮报价(0.7434, 0.5272)显著低于定价0.8，导致收入下滑，买家估值回落至0.5-0.7区间，本轮应降价至0.65以匹配估值并恢复成交概率与收入平衡。\"", \""价格\"": 0.65}"", ""error"": null, ""attempts"": 1, ""action"": {""价格"": 0.65}}"
17,平台,"{""当前轮次"": 18, ""总轮次"": 50, ""候选价格"": [0.1, 0.15, 0.2, 0.25, 0.3, 0.35, 0.4, 0.45, 0.5, 0.55, 0.6, 0.65, 0.7, 0.75, 0.8, 0.85, 0.9, 0.95, 1.0, 1.05, 1.1, 1.15, 1.2, 1.25, 1.3, 1.35, 1.4, 1.45, 1.5, 1.55, 1.6], ""卖家数量"": 3, ""最近历史"": [{""轮次"": 1, ""价格"": 0.8, ""报价"": 1.0861, ""平台收入"": 0.3929, ""平台效用"": 0.3279, ""买家效用"": 0.6739, ""增益"": 0.9822}, {""轮次"": 2, ""价格"": 0.8, ""报价"": 0.4281, ""平台收入"": 0.0997, ""平台效用"": 0.0882, ""买家效用"": 0.273, ""增益"": 0.8707}, {""轮次"": 3, ""价格"": 0.4, ""报价"": 0.7504, ""平台收入"": 0.1964, ""平台效用"": 0.1639, ""买家效用"": 0.5406, ""增益"": 0.9822}, {""轮次"": 4, ""价格"": 0.75, ""报价"": 0.6708, ""平台收入"": 0.291, ""平台效用"": 0.2448, ""买家效用"": 0.3597, ""增益"": 0.9701}, {""轮次"": 5, ""价格"": 0.65, ""报价"": 1.2268, ""平台收入"": 0.3192, ""平台效用"": 0.2664, ""买家效用"": 0.8857, ""增益"": 0.9822}, {""轮次"": 6, ""价格"": 0.75, ""报价"": 0.9439, ""平台收入"": 0.3683, ""平台效用"": 0.3074, ""买家效用"": 0.5588, ""增益"": 0.9822}, {""轮次"": 7, ""价格"": 0.8, ""报价"": 1.1228, ""平台收入"": 0.3929, ""平台效用"": 0.3279, ""买家效用"": 0.7099, ""增益"": 0.9822}, {""轮次"": 8, ""价格"": 0.8, ""报价"": 0.7434, ""平台收入"": 0.3365, ""平台效用"": 0.2821, ""买家效用"": 0.3877, ""增益"": 0.9741}, {""轮次"": 9, ""价格"": 0.8, ""报价"": 0.5272, ""平台收入"": 0.1552, ""平台效用"": 0.1347, ""买家效用"": 0.3157, ""增益"": 0.8931}, {""轮次"": 10, ""价格"": 0.65, ""报价"": 0.8546, ""平台收入"": 0.3192, ""平台效用"": 0.2664, ""买家效用"": 0.5202, ""增益"": 0.9822}]}","{""价格"": 0.65}","{""轮次"": 18, ""买家ID"": ""buyer_18"", ""价格"": 0.65, ""报价"": 0.3638, ""买家效用"": 0.238374, ""平台效用"": 0.080269, ""卖家效用"": [-0.013935, -0.019885, -0.013812], ""平台收入"": 0.092636, ""增益"": 0.9098}","{""role"": ""平台"", ""fallback"": false, ""raw"": ""{\n  \""reasoning\"": \""第17轮报价0.5272低于定价0.8导致收入下滑，但第10轮报价0.8546高于定价0.65时收入恢复至0.3192，买家估值波动在0.5-0.85区间，本轮应维持0.65以匹配近期估值中枢并平衡成交概率与收入。\"",\n  \""价格\"": 0.65\n}"", ""error"": null, ""attempts"": 1, ""action"": {""价格"": 0.65}}"
18,平台,"{""当前轮次"": 19, ""总轮次"": 50, ""候选价格"": [0.1, 0.15, 0.2, 0.25, 0.3, 0.35, 0.4, 0.45, 0.5, 0.55, 0.6, 0.65, 0.7, 0.75, 0.8, 0.85, 0.9, 0.95, 1.0, 1.05, 1.1, 1.15, 1.2, 1.25, 1.3, 1.35, 1.4, 1.45, 1.5, 1.55, 1.6], ""卖家数量"": 3, ""最近历史"": [{""轮次"": 1, ""价格"": 0.8, ""报价"": 0.4281, ""平台收入"": 0.0997, ""平台效用"": 0.0882, ""买家效用"": 0.273, ""增益"": 0.8707}, {""轮次"": 2, ""价格"": 0.4, ""报价"": 0.7504, ""平台收入"": 0.1964, ""平台效用"": 0.1639, ""买家效用"": 0.5406, ""增益"": 0.9822}, {""轮次"": 3, ""价格"": 0.75, ""报价"": 0.6708, ""平台收入"": 0.291, ""平台效用"": 0.2448, ""买家效用"": 0.3597, ""增益"": 0.9701}, {""轮次"": 4, ""价格"": 0.65, ""报价"": 1.2268, ""平台收入"": 0.3192, ""平台效用"": 0.2664, ""买家效用"": 0.8857, ""增益"": 0.9822}, {""轮次"": 5, ""价格"": 0.75, ""报价"": 0.9439, ""平台收入"": 0.3683, ""平台效用"": 0.3074, ""买家效用"": 0.5588, ""增益"": 0.9822}, {""轮次"": 6, ""价格"": 0.8, ""报价"": 1.1228, ""平台收入"": 0.3929, ""平台效用"": 0.3279, ""买家效用"": 0.7099, ""增益"": 0.9822}, {""轮次"": 7, ""价格"": 0.8, ""报价"": 0.7434, ""平台收入"": 0.3365, ""平台效用"": 0.2821, ""买家效用"": 0.3877, ""增益"": 0.9741}, {""轮次"": 8, ""价格"": 0.8, ""报价"": 0.5272, ""平台收入"": 0.1552, ""平台效用"": 0.1347, ""买家效用"": 0.3157, ""增益"": 0.8931}, {""轮次"": 9, ""价格"": 0.65, ""报价"": 0.8546, ""平台收入"": 0.3192, ""平台效用"": 0.2664, ""买家效用"": 0.5202, ""增益"": 0.9822}, {""轮次"": 10, ""价格"": 0.65, ""报价"": 0.3638, ""平台收入"": 0.0926, ""平台效用"": 0.0803, ""买家效用"": 0.2384, ""增益"": 0.9098}]}","{""价格"": 0.4}","{""轮次"": 19, ""买家ID"": ""buyer_19"", ""价格"": 0.4, ""报价"": 1.1276, ""买家效用"": 0.91115, ""平台效用"": 0.163933, ""卖家效用"": [-0.004248, -0.019999, -0.003232], ""平台收入"": 0.196454, ""增益"": 0.9822}","{""role"": ""平台"", ""fallback"": false, ""raw"": ""{\""reasoning\"": \""第10轮报价0.3638远低于定价0.65导致收入骤降，买家估值回落至0.36附近，本轮应降价至0.4以匹配低估值并恢复成交概率与收入平衡。\"", \""价格\"": 0.4}"", ""error"": ""RemoteDisconnected('Remote end closed connection without response')"", ""attempts"": 2, ""action"": {""价格"": 0.4}}"
19,平台,"{""当前轮次"": 20, ""总轮次"": 50, ""候选价格"": [0.1, 0.15, 0.2, 0.25, 0.3, 0.35, 0.4, 0.45, 0.5, 0.55, 0.6, 0.65, 0.7, 0.75, 0.8, 0.85, 0.9, 0.95, 1.0, 1.05, 1.1, 1.15, 1.2, 1.25, 1.3, 1.35, 1.4, 1.45, 1.5, 1.55, 1.6], ""卖家数量"": 3, ""最近历史"": [{""轮次"": 1, ""价格"": 0.4, ""报价"": 0.7504, ""平台收入"": 0.1964, ""平台效用"": 0.1639, ""买家效用"": 0.5406, ""增益"": 0.9822}, {""轮次"": 2, ""价格"": 0.75, ""报价"": 0.6708, ""平台收入"": 0.291, ""平台效用"": 0.2448, ""买家效用"": 0.3597, ""增益"": 0.9701}, {""轮次"": 3, ""价格"": 0.65, ""报价"": 1.2268, ""平台收入"": 0.3192, ""平台效用"": 0.2664, ""买家效用"": 0.8857, ""增益"": 0.9822}, {""轮次"": 4, ""价格"": 0.75, ""报价"": 0.9439, ""平台收入"": 0.3683, ""平台效用"": 0.3074, ""买家效用"": 0.5588, ""增益"": 0.9822}, {""轮次"": 5, ""价格"": 0.8, ""报价"": 1.1228, ""平台收入"": 0.3929, ""平台效用"": 0.3279, ""买家效用"": 0.7099, ""增益"": 0.9822}, {""轮次"": 6, ""价格"": 0.8, ""报价"": 0.7434, ""平台收入"": 0.3365, ""平台效用"": 0.2821, ""买家效用"": 0.3877, ""增益"": 0.9741}, {""轮次"": 7, ""价格"": 0.8, ""报价"": 0.5272, ""平台收入"": 0.1552, ""平台效用"": 0.1347, ""买家效用"": 0.3157, ""增益"": 0.8931}, {""轮次"": 8, ""价格"": 0.65, ""报价"": 0.8546, ""平台收入"": 0.3192, ""平台效用"": 0.2664, ""买家效用"": 0.5202, ""增益"": 0.9822}, {""轮次"": 9, ""价格"": 0.65, ""报价"": 0.3638, ""平台收入"": 0.0926, ""平台效用"": 0.0803, ""买家效用"": 0.2384, ""增益"": 0.9098}, {""轮次"": 10, ""价格"": 0.4, ""报价"": 1.1276, ""平台收入"": 0.1965, ""平台效用"": 0.1639, ""买家效用"": 0.9111, ""增益"": 0.9822}]}","{""价格"": 0.4}","{""轮次"": 20, ""买家ID"": ""buyer_20"", ""价格"": 0.4, ""报价"": 0.9317, ""买家效用"": 0.718666, ""平台效用"": 0.163931, ""卖家效用"": [-0.002724, -0.019999, -0.004756], ""平台收入"": 0.196452, ""增益"": 0.9822}","{""role"": ""平台"", ""fallback"": false, ""raw"": ""{\""reasoning\"": \""第19轮报价0.3638远低于定价0.65导致收入骤降至0.0926，买家估值回落至0.36附近，本轮应维持0.4以匹配低估值并恢复成交概率与收入平衡。\"", \""价格\"": 0.4}"", ""error"": null, ""attempts"": 1, ""action"": {""价格"": 0.4}}"
20,平台,"{""当前轮次"": 21, ""总轮次"": 50, ""候选价格"": [0.1, 0.15, 0.2, 0.25, 0.3, 0.35, 0.4, 0.45, 0.5, 0.55, 0.6, 0.65, 0.7, 0.75, 0.8, 0.85, 0.9, 0.95, 1.0, 1.05, 1.1, 1.15, 1.2, 1.25, 1.3, 1.35, 1.4, 1.45, 1.5, 1.55, 1.6], ""卖家数量"": 3, ""最近历史"": [{""轮次"": 1, ""价格"": 0.75, ""报价"": 0.6708, ""平台收入"": 0.291, ""平台效用"": 0.2448, ""买家效用"": 0.3597, ""增益"": 0.9701}, {""轮次"": 2, ""价格"": 0.65, ""报价"": 1.2268, ""平台收入"": 0.3192, ""平台效用"": 0.2664, ""买家效用"": 0.8857, ""增益"": 0.9822}, {""轮次"": 3, ""价格"": 0.75, ""报价"": 0.9439, ""平台收入"": 0.3683, ""平台效用"": 0.3074, ""买家效用"": 0.5588, ""增益"": 0.9822}, {""轮次"": 4, ""价格"": 0.8, ""报价"": 1.1228, ""平台收入"": 0.3929, ""平台效用"": 0.3279, ""买家效用"": 0.7099, ""增益"": 0.9822}, {""轮次"": 5, ""价格"": 0.8, ""报价"": 0.7434, ""平台收入"": 0.3365, ""平台效用"": 0.2821, ""买家效用"": 0.3877, ""增益"": 0.9741}, {""轮次"": 6, ""价格"": 0.8, ""报价"": 0.5272, ""平台收入"": 0.1552, ""平台效用"": 0.1347, ""买家效用"": 0.3157, ""增益"": 0.8931}, {""轮次"": 7, ""价格"": 0.65, ""报价"": 0.8546, ""平台收入"": 0.3192, ""平台效用"": 0.2664, ""买家效用"": 0.5202, ""增益"": 0.9822}, {""轮次"": 8, ""价格"": 0.65, ""报价"": 0.3638, ""平台收入"": 0.0926, ""平台效用"": 0.0803, ""买家效用"": 0.2384, ""增益"": 0.9098}, {""轮次"": 9, ""价格"": 0.4, ""报价"": 1.1276, ""平台收入"": 0.1965, ""平台效用"": 0.1639, ""买家效用"": 0.9111, ""增益"": 0.9822}, {""轮次"": 10, ""价格"": 0.4, ""报价"": 0.9317, ""平台收入"": 0.1965, ""平台效用"": 0.1639, ""买家效用"": 0.7187, ""增益"": 0.9822}]}","{""价格"": 0.65}","{""轮次"": 21, ""买家ID"": ""buyer_21"", ""价格"": 0.65, ""报价"": 1.0581, ""买家效用"": 0.720065, ""平台效用"": 0.266385, ""卖家效用"": [0.009725, -0.019999, 0.003119], ""平台收入"": 0.319231, ""增益"": 0.9822}","{""role"": ""平台"", ""fallback"": false, ""raw"": ""{\""reasoning\"": \""最近两轮报价(1.1276, 0.9317)显著高于定价0.4，买家估值回升至0.9以上，本轮应提价至0.65以捕获更高收入，同时避免价格剧烈波动导致买家退出。\"", \""价格\"": 0.65}"", ""error"": null, ""attempts"": 1, ""action"": {""价格"": 0.65}}"
21,平台,"{""当前轮次"": 22, ""总轮次"": 50, ""候选价格"": [0.1, 0.15, 0.2, 0.25, 0.3, 0.35, 0.4, 0.45, 0.5, 0.55, 0.6, 0.65, 0.7, 0.75, 0.8, 0.85, 0.9, 0.95, 1.0, 1.05, 1.1, 1.15, 1.2, 1.25, 1.3, 1.35, 1.4, 1.45, 1.5, 1.55, 1.6], ""卖家数量"": 3, ""最近历史"": [{""轮次"": 1, ""价格"": 0.65, ""报价"": 1.2268, ""平台收入"": 0.3192, ""平台效用"": 0.2664, ""买家效用"": 0.8857, ""增益"": 0.9822}, {""轮次"": 2, ""价格"": 0.75, ""报价"": 0.9439, ""平台收入"": 0.3683, ""平台效用"": 0.3074, ""买家效用"": 0.5588, ""增益"": 0.9822}, {""轮次"": 3, ""价格"": 0.8, ""报价"": 1.1228, ""平台收入"": 0.3929, ""平台效用"": 0.3279, ""买家效用"": 0.7099, ""增益"": 0.9822}, {""轮次"": 4, ""价格"": 0.8, ""报价"": 0.7434, ""平台收入"": 0.3365, ""平台效用"": 0.2821, ""买家效用"": 0.3877, ""增益"": 0.9741}, {""轮次"": 5, ""价格"": 0.8, ""报价"": 0.5272, ""平台收入"": 0.1552, ""平台效用"": 0.1347, ""买家效用"": 0.3157, ""增益"": 0.8931}, {""轮次"": 6, ""价格"": 0.65, ""报价"": 0.8546, ""平台收入"": 0.3192, ""平台效用"": 0.2664, ""买家效用"": 0.5202, ""增益"": 0.9822}, {""轮次"": 7, ""价格"": 0.65, ""报价"": 0.3638, ""平台收入"": 0.0926, ""平台效用"": 0.0803, ""买家效用"": 0.2384, ""增益"": 0.9098}, {""轮次"": 8, ""价格"": 0.4, ""报价"": 1.1276, ""平台收入"": 0.1965, ""平台效用"": 0.1639, ""买家效用"": 0.9111, ""增益"": 0.9822}, {""轮次"": 9, ""价格"": 0.4, ""报价"": 0.9317, ""平台收入"": 0.1965, ""平台效用"": 0.1639, ""买家效用"": 0.7187, ""增益"": 0.9822}, {""轮次"": 10, ""价格"": 0.65, ""报价"": 1.0581, ""平台收入"": 0.3192, ""平台效用"": 0.2664, ""买家效用"": 0.7201, ""增益"": 0.9822}]}","{""价格"": 0.75}","{""轮次"": 22, ""买家ID"": ""buyer_22"", ""价格"": 0.75, ""报价"": 0.6545, ""买家效用"": 0.356134, ""平台效用"": 0.233007, ""卖家效用"": [0.001322, -0.01996, 0.001334], ""平台收入"": 0.275702, ""增益"": 0.9653}","{""role"": ""平台"", ""fallback"": false, ""raw"": ""{\""reasoning\"": \""第21轮报价1.0581高于定价0.65，收入恢复至0.3192，买家估值回升至1.0以上，本轮应提价至0.75以捕获更高收入，同时避免价格剧烈波动导致买家退出。\"", \""价格\"": 0.75}"", ""error"": null, ""attempts"": 1, ""action"": {""价格"": 0.75}}"
22,平台,"{""当前轮次"": 23, ""总轮次"": 50, ""候选价格"": [0.1, 0.15, 0.2, 0.25, 0.3, 0.35, 0.4, 0.45, 0.5, 0.55, 0.6, 0.65, 0.7, 0.75, 0.8, 0.85, 0.9, 0.95, 1.0, 1.05, 1.1, 1.15, 1.2, 1.25, 1.3, 1.35, 1.4, 1.45, 1.5, 1.55, 1.6], ""卖家数量"": 3, ""最近历史"": [{""轮次"": 1, ""价格"": 0.75, ""报价"": 0.9439, ""平台收入"": 0.3683, ""平台效用"": 0.3074, ""买家效用"": 0.5588, ""增益"": 0.9822}, {""轮次"": 2, ""价格"": 0.8, ""报价"": 1.1228, ""平台收入"": 0.3929, ""平台效用"": 0.3279, ""买家效用"": 0.7099, ""增益"": 0.9822}, {""轮次"": 3, ""价格"": 0.8, ""报价"": 0.7434, ""平台收入"": 0.3365, ""平台效用"": 0.2821, ""买家效用"": 0.3877, ""增益"": 0.9741}, {""轮次"": 4, ""价格"": 0.8, ""报价"": 0.5272, ""平台收入"": 0.1552, ""平台效用"": 0.1347, ""买家效用"": 0.3157, ""增益"": 0.8931}, {""轮次"": 5, ""价格"": 0.65, ""报价"": 0.8546, ""平台收入"": 0.3192, ""平台效用"": 0.2664, ""买家效用"": 0.5202, ""增益"": 0.9822}, {""轮次"": 6, ""价格"": 0.65, ""报价"": 0.3638, ""平台收入"": 0.0926, ""平台效用"": 0.0803, ""买家效用"": 0.2384, ""增益"": 0.9098}, {""轮次"": 7, ""价格"": 0.4, ""报价"": 1.1276, ""平台收入"": 0.1965, ""平台效用"": 0.1639, ""买家效用"": 0.9111, ""增益"": 0.9822}, {""轮次"": 8, ""价格"": 0.4, ""报价"": 0.9317, ""平台收入"": 0.1965, ""平台效用"": 0.1639, ""买家效用"": 0.7187, ""增益"": 0.9822}, {""轮次"": 9, ""价格"": 0.65, ""报价"": 1.0581, ""平台收入"": 0.3192, ""平台效用"": 0.2664, ""买家效用"": 0.7201, ""增益"": 0.9822}, {""轮次"": 10, ""价格"": 0.75, ""报价"": 0.6545, ""平台收入"": 0.2757, ""平台效用"": 0.233, ""买家效用"": 0.3561, ""增益"": 0.9653}]}","{""价格"": 0.75}","{""轮次"": 23, ""买家ID"": ""buyer_23"", ""价格"": 0.75, ""报价"": 1.2707, ""买家效用"": 0.879786, ""平台效用"": 0.307368, ""卖家效用"": [0.01144, -0.019999, 0.009535], ""平台收入"": 0.368344, ""增益"": 0.9822}","{""role"": ""平台"", ""fallback"": false, ""raw"": ""{\n  \""reasoning\"": \""第22轮报价1.0581高于定价0.75，收入恢复至0.3192，买家估值回升至1.0以上，本轮应维持0.75以巩固高收入并避免价格波动导致买家退出。\"",\n  \""价格\"": 0.75\n}"", ""error"": null, ""attempts"": 1, ""action"": {""价格"": 0.75}}"
23,平台,"{""当前轮次"": 24, ""总轮次"": 50, ""候选价格"": [0.1, 0.15, 0.2, 0.25, 0.3, 0.35, 0.4, 0.45, 0.5, 0.55, 0.6, 0.65, 0.7, 0.75, 0.8, 0.85, 0.9, 0.95, 1.0, 1.05, 1.1, 1.15, 1.2, 1.25, 1.3, 1.35, 1.4, 1.45, 1.5, 1.55, 1.6], ""卖家数量"": 3, ""最近历史"": [{""轮次"": 1, ""价格"": 0.8, ""报价"": 1.1228, ""平台收入"": 0.3929, ""平台效用"": 0.3279, ""买家效用"": 0.7099, ""增益"": 0.9822}, {""轮次"": 2, ""价格"": 0.8, ""报价"": 0.7434, ""平台收入"": 0.3365, ""平台效用"": 0.2821, ""买家效用"": 0.3877, ""增益"": 0.9741}, {""轮次"": 3, ""价格"": 0.8, ""报价"": 0.5272, ""平台收入"": 0.1552, ""平台效用"": 0.1347, ""买家效用"": 0.3157, ""增益"": 0.8931}, {""轮次"": 4, ""价格"": 0.65, ""报价"": 0.8546, ""平台收入"": 0.3192, ""平台效用"": 0.2664, ""买家效用"": 0.5202, ""增益"": 0.9822}, {""轮次"": 5, ""价格"": 0.65, ""报价"": 0.3638, ""平台收入"": 0.0926, ""平台效用"": 0.0803, ""买家效用"": 0.2384, ""增益"": 0.9098}, {""轮次"": 6, ""价格"": 0.4, ""报价"": 1.1276, ""平台收入"": 0.1965, ""平台效用"": 0.1639, ""买家效用"": 0.9111, ""增益"": 0.9822}, {""轮次"": 7, ""价格"": 0.4, ""报价"": 0.9317, ""平台收入"": 0.1965, ""平台效用"": 0.1639, ""买家效用"": 0.7187, ""增益"": 0.9822}, {""轮次"": 8, ""价格"": 0.65, ""报价"": 1.0581, ""平台收入"": 0.3192, ""平台效用"": 0.2664, ""买家效用"": 0.7201, ""增益"": 0.9822}, {""轮次"": 9, ""价格"": 0.75, ""报价"": 0.6545, ""平台收入"": 0.2757, ""平台效用"": 0.233, ""买家效用"": 0.3561, ""增益"": 0.9653}, {""轮次"": 10, ""价格"": 0.75, ""报价"": 1.2707, ""平台收入"": 0.3683, ""平台效用"": 0.3074, ""买家效用"": 0.8798, ""增益"": 0.9822}]}","{""价格"": 0.75}","{""轮次"": 24, ""买家ID"": ""buyer_24"", ""价格"": 0.75, ""报价"": 1.1931, ""买家效用"": 0.803588, ""平台效用"": 0.307367, ""卖家效用"": [0.01144, -0.019999, 0.009534], ""平台收入"": 0.368343, ""增益"": 0.9822}","{""role"": ""平台"", ""fallback"": false, ""raw"": ""{\""reasoning\"": \""第23轮报价1.0581高于定价0.75，收入达0.3192，买家估值稳定在1.0以上，本轮维持0.75以巩固高收入并避免价格波动导致买家退出。\"", \""价格\"": 0.75}"", ""error"": null, ""attempts"": 1, ""action"": {""价格"": 0.75}}"
24,平台,"{""当前轮次"": 25, ""总轮次"": 50, ""候选价格"": [0.1, 0.15, 0.2, 0.25, 0.3, 0.35, 0.4, 0.45, 0.5, 0.55, 0.6, 0.65, 0.7, 0.75, 0.8, 0.85, 0.9, 0.95, 1.0, 1.05, 1.1, 1.15, 1.2, 1.25, 1.3, 1.35, 1.4, 1.45, 1.5, 1.55, 1.6], ""卖家数量"": 3, ""最近历史"": [{""轮次"": 1, ""价格"": 0.8, ""报价"": 0.7434, ""平台收入"": 0.3365, ""平台效用"": 0.2821, ""买家效用"": 0.3877, ""增益"": 0.9741}, {""轮次"": 2, ""价格"": 0.8, ""报价"": 0.5272, ""平台收入"": 0.1552, ""平台效用"": 0.1347, ""买家效用"": 0.3157, ""增益"": 0.8931}, {""轮次"": 3, ""价格"": 0.65, ""报价"": 0.8546, ""平台收入"": 0.3192, ""平台效用"": 0.2664, ""买家效用"": 0.5202, ""增益"": 0.9822}, {""轮次"": 4, ""价格"": 0.65, ""报价"": 0.3638, ""平台收入"": 0.0926, ""平台效用"": 0.0803, ""买家效用"": 0.2384, ""增益"": 0.9098}, {""轮次"": 5, ""价格"": 0.4, ""报价"": 1.1276, ""平台收入"": 0.1965, ""平台效用"": 0.1639, ""买家效用"": 0.9111, ""增益"": 0.9822}, {""轮次"": 6, ""价格"": 0.4, ""报价"": 0.9317, ""平台收入"": 0.1965, ""平台效用"": 0.1639, ""买家效用"": 0.7187, ""增益"": 0.9822}, {""轮次"": 7, ""价格"": 0.65, ""报价"": 1.0581, ""平台收入"": 0.3192, ""平台效用"": 0.2664, ""买家效用"": 0.7201, ""增益"": 0.9822}, {""轮次"": 8, ""价格"": 0.75, ""报价"": 0.6545, ""平台收入"": 0.2757, ""平台效用"": 0.233, ""买家效用"": 0.3561, ""增益"": 0.9653}, {""轮次"": 9, ""价格"": 0.75, ""报价"": 1.2707, ""平台收入"": 0.3683, ""平台效用"": 0.3074, ""买家效用"": 0.8798, ""增益"": 0.9822}, {""轮次"": 10, ""价格"": 0.75, ""报价"": 1.1931, ""平台收入"": 0.3683, ""平台效用"": 0.3074, ""买家效用"": 0.8036, ""增益"": 0.9822}]}","{""价格"": 0.75}","{""轮次"": 25, ""买家ID"": ""buyer_25"", ""价格"": 0.75, ""报价"": 1.0784, ""买家效用"": 0.690888, ""平台效用"": 0.307367, ""卖家效用"": [0.013345, -0.019999, 0.007629], ""平台收入"": 0.368342, ""增益"": 0.9822}","{""role"": ""平台"", ""fallback"": false, ""raw"": ""{\""reasoning\"": \""最近三轮报价(1.2707, 1.1931)稳定在1.2左右，买家估值处于高位，维持0.75可确保高成交概率并巩固0.3683的最高收入，避免提价导致流拍风险。\"", \""价格\"": 0.75}"", ""error"": null, ""attempts"": 1, ""action"": {""价格"": 0.75}}"
25,平台,"{""当前轮次"": 26, ""总轮次"": 50, ""候选价格"": [0.1, 0.15, 0.2, 0.25, 0.3, 0.35, 0.4, 0.45, 0.5, 0.55, 0.6, 0.65, 0.7, 0.75, 0.8, 0.85, 0.9, 0.95, 1.0, 1.05, 1.1, 1.15, 1.2, 1.25, 1.3, 1.35, 1.4, 1.45, 1.5, 1.55, 1.6], ""卖家数量"": 3, ""最近历史"": [{""轮次"": 1, ""价格"": 0.8, ""报价"": 0.5272, ""平台收入"": 0.1552, ""平台效用"": 0.1347, ""买家效用"": 0.3157, ""增益"": 0.8931}, {""轮次"": 2, ""价格"": 0.65, ""报价"": 0.8546, ""平台收入"": 0.3192, ""平台效用"": 0.2664, ""买家效用"": 0.5202, ""增益"": 0.9822}, {""轮次"": 3, ""价格"": 0.65, ""报价"": 0.3638, ""平台收入"": 0.0926, ""平台效用"": 0.0803, ""买家效用"": 0.2384, ""增益"": 0.9098}, {""轮次"": 4, ""价格"": 0.4, ""报价"": 1.1276, ""平台收入"": 0.1965, ""平台效用"": 0.1639, ""买家效用"": 0.9111, ""增益"": 0.9822}, {""轮次"": 5, ""价格"": 0.4, ""报价"": 0.9317, ""平台收入"": 0.1965, ""平台效用"": 0.1639, ""买家效用"": 0.7187, ""增益"": 0.9822}, {""轮次"": 6, ""价格"": 0.65, ""报价"": 1.0581, ""平台收入"": 0.3192, ""平台效用"": 0.2664, ""买家效用"": 0.7201, ""增益"": 0.9822}, {""轮次"": 7, ""价格"": 0.75, ""报价"": 0.6545, ""平台收入"": 0.2757, ""平台效用"": 0.233, ""买家效用"": 0.3561, ""增益"": 0.9653}, {""轮次"": 8, ""价格"": 0.75, ""报价"": 1.2707, ""平台收入"": 0.3683, ""平台效用"": 0.3074, ""买家效用"": 0.8798, ""增益"": 0.9822}, {""轮次"": 9, ""价格"": 0.75, ""报价"": 1.1931, ""平台收入"": 0.3683, ""平台效用"": 0.3074, ""买家效用"": 0.8036, ""增益"": 0.9822}, {""轮次"": 10, ""价格"": 0.75, ""报价"": 1.0784, ""平台收入"": 0.3683, ""平台效用"": 0.3074, ""买家效用"": 0.6909, ""增益"": 0.9822}]}","{""价格"": 0.75}","{""轮次"": 26, ""买家ID"": ""buyer_26"", ""价格"": 0.75, ""报价"": 0.4946, ""买家效用"": 0.301594, ""平台效用"": 0.127366, ""卖家效用"": [-0.009673, -0.019777, -0.009532], ""平台收入"": 0.148384, ""增益"": 0.9097}","{""role"": ""平台"", ""fallback"": false, ""raw"": ""{\""reasoning\"": \""最近四轮报价稳定在1.07-1.27高位，维持0.75已实现最高收入0.3683，提价至0.8可能增加流拍风险，继续维持0.75以巩固高收入并避免价格波动。\"", \""价格\"": 0.75}"", ""error"": null, ""attempts"": 1, ""action"": {""价格"": 0.75}}"
26,平台,"{""当前轮次"": 27, ""总轮次"": 50, ""候选价格"": [0.1, 0.15, 0.2, 0.25, 0.3, 0.35, 0.4, 0.45, 0.5, 0.55, 0.6, 0.65, 0.7, 0.75, 0.8, 0.85, 0.9, 0.95, 1.0, 1.05, 1.1, 1.15, 1.2, 1.25, 1.3, 1.35, 1.4, 1.45, 1.5, 1.55, 1.6], ""卖家数量"": 3, ""最近历史"": [{""轮次"": 1, ""价格"": 0.65, ""报价"": 0.8546, ""平台收入"": 0.3192, ""平台效用"": 0.2664, ""买家效用"": 0.5202, ""增益"": 0.9822}, {""轮次"": 2, ""价格"": 0.65, ""报价"": 0.3638, ""平台收入"": 0.0926, ""平台效用"": 0.0803, ""买家效用"": 0.2384, ""增益"": 0.9098}, {""轮次"": 3, ""价格"": 0.4, ""报价"": 1.1276, ""平台收入"": 0.1965, ""平台效用"": 0.1639, ""买家效用"": 0.9111, ""增益"": 0.9822}, {""轮次"": 4, ""价格"": 0.4, ""报价"": 0.9317, ""平台收入"": 0.1965, ""平台效用"": 0.1639, ""买家效用"": 0.7187, ""增益"": 0.9822}, {""轮次"": 5, ""价格"": 0.65, ""报价"": 1.0581, ""平台收入"": 0.3192, ""平台效用"": 0.2664, ""买家效用"": 0.7201, ""增益"": 0.9822}, {""轮次"": 6, ""价格"": 0.75, ""报价"": 0.6545, ""平台收入"": 0.2757, ""平台效用"": 0.233, ""买家效用"": 0.3561, ""增益"": 0.9653}, {""轮次"": 7, ""价格"": 0.75, ""报价"": 1.2707, ""平台收入"": 0.3683, ""平台效用"": 0.3074, ""买家效用"": 0.8798, ""增益"": 0.9822}, {""轮次"": 8, ""价格"": 0.75, ""报价"": 1.1931, ""平台收入"": 0.3683, ""平台效用"": 0.3074, ""买家效用"": 0.8036, ""增益"": 0.9822}, {""轮次"": 9, ""价格"": 0.75, ""报价"": 1.0784, ""平台收入"": 0.3683, ""平台效用"": 0.3074, ""买家效用"": 0.6909, ""增益"": 0.9822}, {""轮次"": 10, ""价格"": 0.75, ""报价"": 0.4946, ""平台收入"": 0.1484, ""平台效用"": 0.1274, ""买家效用"": 0.3016, ""增益"": 0.9097}]}","{""价格"": 0.75}","{""轮次"": 27, ""买家ID"": ""buyer_27"", ""价格"": 0.75, ""报价"": 0.7667, ""买家效用"": 0.384762, ""平台效用"": 0.307366, ""卖家效用"": [0.007629, -0.019999, 0.013345], ""平台收入"": 0.368341, ""增益"": 0.9822}","{""role"": ""平台"", ""fallback"": false, ""raw"": ""{\""reasoning\"": \""最近历史显示买家报价在0.49-1.27间波动，定价0.75在报价高于0.75时稳定获得最高收入0.3683，但第10轮报价0.4946导致收入骤降，表明买家估值存在周期性回落风险，维持0.75可在高估值期捕获收入同时避免提价增加流拍风险。\"", \""价格\"": 0.75}"", ""error"": null, ""attempts"": 1, ""action"": {""价格"": 0.75}}"
27,平台,"{""当前轮次"": 28, ""总轮次"": 50, ""候选价格"": [0.1, 0.15, 0.2, 0.25, 0.3, 0.35, 0.4, 0.45, 0.5, 0.55, 0.6, 0.65, 0.7, 0.75, 0.8, 0.85, 0.9, 0.95, 1.0, 1.05, 1.1, 1.15, 1.2, 1.25, 1.3, 1.35, 1.4, 1.45, 1.5, 1.55, 1.6], ""卖家数量"": 3, ""最近历史"": [{""轮次"": 1, ""价格"": 0.65, ""报价"": 0.3638, ""平台收入"": 0.0926, ""平台效用"": 0.0803, ""买家效用"": 0.2384, ""增益"": 0.9098}, {""轮次"": 2, ""价格"": 0.4, ""报价"": 1.1276, ""平台收入"": 0.1965, ""平台效用"": 0.1639, ""买家效用"": 0.9111, ""增益"": 0.9822}, {""轮次"": 3, ""价格"": 0.4, ""报价"": 0.9317, ""平台收入"": 0.1965, ""平台效用"": 0.1639, ""买家效用"": 0.7187, ""增益"": 0.9822}, {""轮次"": 4, ""价格"": 0.65, ""报价"": 1.0581, ""平台收入"": 0.3192, ""平台效用"": 0.2664, ""买家效用"": 0.7201, ""增益"": 0.9822}, {""轮次"": 5, ""价格"": 0.75, ""报价"": 0.6545, ""平台收入"": 0.2757, ""平台效用"": 0.233, ""买家效用"": 0.3561, ""增益"": 0.9653}, {""轮次"": 6, ""价格"": 0.75, ""报价"": 1.2707, ""平台收入"": 0.3683, ""平台效用"": 0.3074, ""买家效用"": 0.8798, ""增益"": 0.9822}, {""轮次"": 7, ""价格"": 0.75, ""报价"": 1.1931, ""平台收入"": 0.3683, ""平台效用"": 0.3074, ""买家效用"": 0.8036, ""增益"": 0.9822}, {""轮次"": 8, ""价格"": 0.75, ""报价"": 1.0784, ""平台收入"": 0.3683, ""平台效用"": 0.3074, ""买家效用"": 0.6909, ""增益"": 0.9822}, {""轮次"": 9, ""价格"": 0.75, ""报价"": 0.4946, ""平台收入"": 0.1484, ""平台效用"": 0.1274, ""买家效用"": 0.3016, ""增益"": 0.9097}, {""轮次"": 10, ""价格"": 0.75, ""报价"": 0.7667, ""平台收入"": 0.3683, ""平台效用"": 0.3074, ""买家效用"": 0.3848, ""增益"": 0.9822}]}","{""价格"": 0.75}","{""轮次"": 28, ""买家ID"": ""buyer_28"", ""价格"": 0.75, ""报价"": 0.3438, ""买家效用"": 0.229958, ""平台效用"": 0.060095, ""卖家效用"": [-0.015627, -0.019908, -0.01618], ""平台收入"": 0.06838, ""增益"": 0.8678}","{""role"": ""平台"", ""fallback"": false, ""raw"": ""{\""reasoning\"": \""最近历史显示买家报价在0.49-1.27间波动，定价0.75在报价高于0.75时稳定获得最高收入0.3683，但第9轮报价0.4946导致收入骤降，表明买家估值存在周期性回落风险，维持0.75可在高估值期捕获收入同时避免提价增加流拍风险。\"", \""价格\"": 0.75}"", ""error"": null, ""attempts"": 1, ""action"": {""价格"": 0.75}}"
28,平台,"{""当前轮次"": 29, ""总轮次"": 50, ""候选价格"": [0.1, 0.15, 0.2, 0.25, 0.3, 0.35, 0.4, 0.45, 0.5, 0.55, 0.6, 0.65, 0.7, 0.75, 0.8, 0.85, 0.9, 0.95, 1.0, 1.05, 1.1, 1.15, 1.2, 1.25, 1.3, 1.35, 1.4, 1.45, 1.5, 1.55, 1.6], ""卖家数量"": 3, ""最近历史"": [{""轮次"": 1, ""价格"": 0.4, ""报价"": 1.1276, ""平台收入"": 0.1965, ""平台效用"": 0.1639, ""买家效用"": 0.9111, ""增益"": 0.9822}, {""轮次"": 2, ""价格"": 0.4, ""报价"": 0.9317, ""平台收入"": 0.1965, ""平台效用"": 0.1639, ""买家效用"": 0.7187, ""增益"": 0.9822}, {""轮次"": 3, ""价格"": 0.65, ""报价"": 1.0581, ""平台收入"": 0.3192, ""平台效用"": 0.2664, ""买家效用"": 0.7201, ""增益"": 0.9822}, {""轮次"": 4, ""价格"": 0.75, ""报价"": 0.6545, ""平台收入"": 0.2757, ""平台效用"": 0.233, ""买家效用"": 0.3561, ""增益"": 0.9653}, {""轮次"": 5, ""价格"": 0.75, ""报价"": 1.2707, ""平台收入"": 0.3683, ""平台效用"": 0.3074, ""买家效用"": 0.8798, ""增益"": 0.9822}, {""轮次"": 6, ""价格"": 0.75, ""报价"": 1.1931, ""平台收入"": 0.3683, ""平台效用"": 0.3074, ""买家效用"": 0.8036, ""增益"": 0.9822}, {""轮次"": 7, ""价格"": 0.75, ""报价"": 1.0784, ""平台收入"": 0.3683, ""平台效用"": 0.3074, ""买家效用"": 0.6909, ""增益"": 0.9822}, {""轮次"": 8, ""价格"": 0.75, ""报价"": 0.4946, ""平台收入"": 0.1484, ""平台效用"": 0.1274, ""买家效用"": 0.3016, ""增益"": 0.9097}, {""轮次"": 9, ""价格"": 0.75, ""报价"": 0.7667, ""平台收入"": 0.3683, ""平台效用"": 0.3074, ""买家效用"": 0.3848, ""增益"": 0.9822}, {""轮次"": 10, ""价格"": 0.75, ""报价"": 0.3438, ""平台收入"": 0.0684, ""平台效用"": 0.0601, ""买家效用"": 0.23, ""增益"": 0.8678}]}","{""价格"": 0.75}","{""轮次"": 29, ""买家ID"": ""buyer_29"", ""价格"": 0.75, ""报价"": 0.4543, ""买家效用"": 0.284347, ""平台效用"": 0.107263, ""卖家效用"": [-0.011831, -0.019929, -0.011973], ""平台收入"": 0.123529, ""增益"": 0.8978}","{""role"": ""平台"", ""fallback"": false, ""raw"": ""{\""reasoning\"": \""最近历史显示买家报价波动较大（0.34-1.27），第10轮报价0.3438导致收入骤降至0.0684，表明估值存在周期性回落风险；维持0.75可在高估值期捕获最高收入0.3683，同时避免提价增加流拍风险，继续巩固稳定收益。\"", \""价格\"": 0.75}"", ""error"": null, ""attempts"": 1, ""action"": {""价格"": 0.75}}"
29,平台,"{""当前轮次"": 30, ""总轮次"": 50, ""候选价格"": [0.1, 0.15, 0.2, 0.25, 0.3, 0.35, 0.4, 0.45, 0.5, 0.55, 0.6, 0.65, 0.7, 0.75, 0.8, 0.85, 0.9, 0.95, 1.0, 1.05, 1.1, 1.15, 1.2, 1.25, 1.3, 1.35, 1.4, 1.45, 1.5, 1.55, 1.6], ""卖家数量"": 3, ""最近历史"": [{""轮次"": 1, ""价格"": 0.4, ""报价"": 0.9317, ""平台收入"": 0.1965, ""平台效用"": 0.1639, ""买家效用"": 0.7187, ""增益"": 0.9822}, {""轮次"": 2, ""价格"": 0.65, ""报价"": 1.0581, ""平台收入"": 0.3192, ""平台效用"": 0.2664, ""买家效用"": 0.7201, ""增益"": 0.9822}, {""轮次"": 3, ""价格"": 0.75, ""报价"": 0.6545, ""平台收入"": 0.2757, ""平台效用"": 0.233, ""买家效用"": 0.3561, ""增益"": 0.9653}, {""轮次"": 4, ""价格"": 0.75, ""报价"": 1.2707, ""平台收入"": 0.3683, ""平台效用"": 0.3074, ""买家效用"": 0.8798, ""增益"": 0.9822}, {""轮次"": 5, ""价格"": 0.75, ""报价"": 1.1931, ""平台收入"": 0.3683, ""平台效用"": 0.3074, ""买家效用"": 0.8036, ""增益"": 0.9822}, {""轮次"": 6, ""价格"": 0.75, ""报价"": 1.0784, ""平台收入"": 0.3683, ""平台效用"": 0.3074, ""买家效用"": 0.6909, ""增益"": 0.9822}, {""轮次"": 7, ""价格"": 0.75, ""报价"": 0.4946, ""平台收入"": 0.1484, ""平台效用"": 0.1274, ""买家效用"": 0.3016, ""增益"": 0.9097}, {""轮次"": 8, ""价格"": 0.75, ""报价"": 0.7667, ""平台收入"": 0.3683, ""平台效用"": 0.3074, ""买家效用"": 0.3848, ""增益"": 0.9822}, {""轮次"": 9, ""价格"": 0.75, ""报价"": 0.3438, ""平台收入"": 0.0684, ""平台效用"": 0.0601, ""买家效用"": 0.23, ""增益"": 0.8678}, {""轮次"": 10, ""价格"": 0.75, ""报价"": 0.4543, ""平台收入"": 0.1235, ""平台效用"": 0.1073, ""买家效用"": 0.2843, ""增益"": 0.8978}]}","{""价格"": 0.75}","{""轮次"": 30, ""买家ID"": ""buyer_30"", ""价格"": 0.75, ""报价"": 0.983, ""买家效用"": 0.597247, ""平台效用"": 0.307367, ""卖家效用"": [0.009534, -0.019999, 0.01144], ""平台收入"": 0.368342, ""增益"": 0.9822}","{""role"": ""平台"", ""fallback"": false, ""raw"": ""{\""reasoning\"": \""最近历史显示买家报价波动较大（0.34-1.27），定价0.75在高报价期稳定获得最高收入0.3683，但低报价期收入骤降；维持0.75可在高估值期捕获收入同时避免提价增加流拍风险，继续巩固稳定收益。\"", \""价格\"": 0.75}"", ""error"": null, ""attempts"": 1, ""action"": {""价格"": 0.75}}"
30,平台,"{""当前轮次"": 31, ""总轮次"": 50, ""候选价格"": [0.1, 0.15, 0.2, 0.25, 0.3, 0.35, 0.4, 0.45, 0.5, 0.55, 0.6, 0.65, 0.7, 0.75, 0.8, 0.85, 0.9, 0.95, 1.0, 1.05, 1.1, 1.15, 1.2, 1.25, 1.3, 1.35, 1.4, 1.45, 1.5, 1.55, 1.6], ""卖家数量"": 3, ""最近历史"": [{""轮次"": 1, ""价格"": 0.65, ""报价"": 1.0581, ""平台收入"": 0.3192, ""平台效用"": 0.2664, ""买家效用"": 0.7201, ""增益"": 0.9822}, {""轮次"": 2, ""价格"": 0.75, ""报价"": 0.6545, ""平台收入"": 0.2757, ""平台效用"": 0.233, ""买家效用"": 0.3561, ""增益"": 0.9653}, {""轮次"": 3, ""价格"": 0.75, ""报价"": 1.2707, ""平台收入"": 0.3683, ""平台效用"": 0.3074, ""买家效用"": 0.8798, ""增益"": 0.9822}, {""轮次"": 4, ""价格"": 0.75, ""报价"": 1.1931, ""平台收入"": 0.3683, ""平台效用"": 0.3074, ""买家效用"": 0.8036, ""增益"": 0.9822}, {""轮次"": 5, ""价格"": 0.75, ""报价"": 1.0784, ""平台收入"": 0.3683, ""平台效用"": 0.3074, ""买家效用"": 0.6909, ""增益"": 0.9822}, {""轮次"": 6, ""价格"": 0.75, ""报价"": 0.4946, ""平台收入"": 0.1484, ""平台效用"": 0.1274, ""买家效用"": 0.3016, ""增益"": 0.9097}, {""轮次"": 7, ""价格"": 0.75, ""报价"": 0.7667, ""平台收入"": 0.3683, ""平台效用"": 0.3074, ""买家效用"": 0.3848, ""增益"": 0.9822}, {""轮次"": 8, ""价格"": 0.75, ""报价"": 0.3438, ""平台收入"": 0.0684, ""平台效用"": 0.0601, ""买家效用"": 0.23, ""增益"": 0.8678}, {""轮次"": 9, ""价格"": 0.75, ""报价"": 0.4543, ""平台收入"": 0.1235, ""平台效用"": 0.1073, ""买家效用"": 0.2843, ""增益"": 0.8978}, {""轮次"": 10, ""价格"": 0.75, ""报价"": 0.983, ""平台收入"": 0.3683, ""平台效用"": 0.3074, ""买家效用"": 0.5972, ""增益"": 0.9822}]}","{""价格"": 0.75}","{""轮次"": 31, ""买家ID"": ""buyer_31"", ""价格"": 0.75, ""报价"": 1.0448, ""买家效用"": 0.657866, ""平台效用"": 0.307365, ""卖家效用"": [0.008582, -0.019999, 0.012392], ""平台收入"": 0.36834, ""增益"": 0.9822}","{""role"": ""平台"", ""fallback"": false, ""raw"": ""{\n  \""reasoning\"": \""最近历史显示买家报价波动较大（0.34-1.27），定价0.75在高报价期稳定获得最高收入0.3683，但低报价期收入骤降；维持0.75可在高估值期捕获收入同时避免提价增加流拍风险，继续巩固稳定收益。\"",\n  \""价格\"": 0.75\n}"", ""error"": null, ""attempts"": 1, ""action"": {""价格"": 0.75}}"
31,平台,"{""当前轮次"": 32, ""总轮次"": 50, ""候选价格"": [0.1, 0.15, 0.2, 0.25, 0.3, 0.35, 0.4, 0.45, 0.5, 0.55, 0.6, 0.65, 0.7, 0.75, 0.8, 0.85, 0.9, 0.95, 1.0, 1.05, 1.1, 1.15, 1.2, 1.25, 1.3, 1.35, 1.4, 1.45, 1.5, 1.55, 1.6], ""卖家数量"": 3, ""最近历史"": [{""轮次"": 1, ""价格"": 0.75, ""报价"": 0.6545, ""平台收入"": 0.2757, ""平台效用"": 0.233, ""买家效用"": 0.3561, ""增益"": 0.9653}, {""轮次"": 2, ""价格"": 0.75, ""报价"": 1.2707, ""平台收入"": 0.3683, ""平台效用"": 0.3074, ""买家效用"": 0.8798, ""增益"": 0.9822}, {""轮次"": 3, ""价格"": 0.75, ""报价"": 1.1931, ""平台收入"": 0.3683, ""平台效用"": 0.3074, ""买家效用"": 0.8036, ""增益"": 0.9822}, {""轮次"": 4, ""价格"": 0.75, ""报价"": 1.0784, ""平台收入"": 0.3683, ""平台效用"": 0.3074, ""买家效用"": 0.6909, ""增益"": 0.9822}, {""轮次"": 5, ""价格"": 0.75, ""报价"": 0.4946, ""平台收入"": 0.1484, ""平台效用"": 0.1274, ""买家效用"": 0.3016, ""增益"": 0.9097}, {""轮次"": 6, ""价格"": 0.75, ""报价"": 0.7667, ""平台收入"": 0.3683, ""平台效用"": 0.3074, ""买家效用"": 0.3848, ""增益"": 0.9822}, {""轮次"": 7, ""价格"": 0.75, ""报价"": 0.3438, ""平台收入"": 0.0684, ""平台效用"": 0.0601, ""买家效用"": 0.23, ""增益"": 0.8678}, {""轮次"": 8, ""价格"": 0.75, ""报价"": 0.4543, ""平台收入"": 0.1235, ""平台效用"": 0.1073, ""买家效用"": 0.2843, ""增益"": 0.8978}, {""轮次"": 9, ""价格"": 0.75, ""报价"": 0.983, ""平台收入"": 0.3683, ""平台效用"": 0.3074, ""买家效用"": 0.5972, ""增益"": 0.9822}, {""轮次"": 10, ""价格"": 0.75, ""报价"": 1.0448, ""平台收入"": 0.3683, ""平台效用"": 0.3074, ""买家效用"": 0.6579, ""增益"": 0.9822}]}","{""价格"": 0.75}","{""轮次"": 32, ""买家ID"": ""buyer_32"", ""价格"": 0.75, ""报价"": 1.2675, ""买家效用"": 0.876657, ""平台效用"": 0.307366, ""卖家效用"": [0.01144, -0.019999, 0.009534], ""平台收入"": 0.368341, ""增益"": 0.9822}","{""role"": ""平台"", ""fallback"": false, ""raw"": ""{\""reasoning\"": \""最近历史显示买家报价在0.34-1.27间波动，定价0.75在高报价期稳定获得最高收入0.3683，但低报价期收入骤降；维持0.75可在高估值期捕获收入同时避免提价增加流拍风险，继续巩固稳定收益。\"", \""价格\"": 0.75}"", ""error"": null, ""attempts"": 1, ""action"": {""价格"": 0.75}}"
32,平台,"{""当前轮次"": 33, ""总轮次"": 50, ""候选价格"": [0.1, 0.15, 0.2, 0.25, 0.3, 0.35, 0.4, 0.45, 0.5, 0.55, 0.6, 0.65, 0.7, 0.75, 0.8, 0.85, 0.9, 0.95, 1.0, 1.05, 1.1, 1.15, 1.2, 1.25, 1.3, 1.35, 1.4, 1.45, 1.5, 1.55, 1.6], ""卖家数量"": 3, ""最近历史"": [{""轮次"": 1, ""价格"": 0.75, ""报价"": 1.2707, ""平台收入"": 0.3683, ""平台效用"": 0.3074, ""买家效用"": 0.8798, ""增益"": 0.9822}, {""轮次"": 2, ""价格"": 0.75, ""报价"": 1.1931, ""平台收入"": 0.3683, ""平台效用"": 0.3074, ""买家效用"": 0.8036, ""增益"": 0.9822}, {""轮次"": 3, ""价格"": 0.75, ""报价"": 1.0784, ""平台收入"": 0.3683, ""平台效用"": 0.3074, ""买家效用"": 0.6909, ""增益"": 0.9822}, {""轮次"": 4, ""价格"": 0.75, ""报价"": 0.4946, ""平台收入"": 0.1484, ""平台效用"": 0.1274, ""买家效用"": 0.3016, ""增益"": 0.9097}, {""轮次"": 5, ""价格"": 0.75, ""报价"": 0.7667, ""平台收入"": 0.3683, ""平台效用"": 0.3074, ""买家效用"": 0.3848, ""增益"": 0.9822}, {""轮次"": 6, ""价格"": 0.75, ""报价"": 0.3438, ""平台收入"": 0.0684, ""平台效用"": 0.0601, ""买家效用"": 0.23, ""增益"": 0.8678}, {""轮次"": 7, ""价格"": 0.75, ""报价"": 0.4543, ""平台收入"": 0.1235, ""平台效用"": 0.1073, ""买家效用"": 0.2843, ""增益"": 0.8978}, {""轮次"": 8, ""价格"": 0.75, ""报价"": 0.983, ""平台收入"": 0.3683, ""平台效用"": 0.3074, ""买家效用"": 0.5972, ""增益"": 0.9822}, {""轮次"": 9, ""价格"": 0.75, ""报价"": 1.0448, ""平台收入"": 0.3683, ""平台效用"": 0.3074, ""买家效用"": 0.6579, ""增益"": 0.9822}, {""轮次"": 10, ""价格"": 0.75, ""报价"": 1.2675, ""平台收入"": 0.3683, ""平台效用"": 0.3074, ""买家效用"": 0.8767, ""增益"": 0.9822}]}","{""价格"": 0.75}","{""轮次"": 33, ""买家ID"": ""buyer_33"", ""价格"": 0.75, ""报价"": 0.6258, ""买家效用"": 0.346146, ""平台效用"": 0.210506, ""卖家效用"": [-0.002876, -0.019996, 0.000174], ""平台收入"": 0.247808, ""增益"": 0.9491}","{""role"": ""平台"", ""fallback"": false, ""raw"": ""{\""reasoning\"": \""最近历史显示买家报价在0.34-1.27间波动，定价0.75在高报价期稳定获得最高收入0.3683，但低报价期收入骤降；维持0.75可在高估值期捕获收入同时避免提价增加流拍风险，继续巩固稳定收益。\"", \""价格\"": 0.75}"", ""error"": null, ""attempts"": 1, ""action"": {""价格"": 0.75}}"
33,平台,"{""当前轮次"": 34, ""总轮次"": 50, ""候选价格"": [0.1, 0.15, 0.2, 0.25, 0.3, 0.35, 0.4, 0.45, 0.5, 0.55, 0.6, 0.65, 0.7, 0.75, 0.8, 0.85, 0.9, 0.95, 1.0, 1.05, 1.1, 1.15, 1.2, 1.25, 1.3, 1.35, 1.4, 1.45, 1.5, 1.55, 1.6], ""卖家数量"": 3, ""最近历史"": [{""轮次"": 1, ""价格"": 0.75, ""报价"": 1.1931, ""平台收入"": 0.3683, ""平台效用"": 0.3074, ""买家效用"": 0.8036, ""增益"": 0.9822}, {""轮次"": 2, ""价格"": 0.75, ""报价"": 1.0784, ""平台收入"": 0.3683, ""平台效用"": 0.3074, ""买家效用"": 0.6909, ""增益"": 0.9822}, {""轮次"": 3, ""价格"": 0.75, ""报价"": 0.4946, ""平台收入"": 0.1484, ""平台效用"": 0.1274, ""买家效用"": 0.3016, ""增益"": 0.9097}, {""轮次"": 4, ""价格"": 0.75, ""报价"": 0.7667, ""平台收入"": 0.3683, ""平台效用"": 0.3074, ""买家效用"": 0.3848, ""增益"": 0.9822}, {""轮次"": 5, ""价格"": 0.75, ""报价"": 0.3438, ""平台收入"": 0.0684, ""平台效用"": 0.0601, ""买家效用"": 0.23, ""增益"": 0.8678}, {""轮次"": 6, ""价格"": 0.75, ""报价"": 0.4543, ""平台收入"": 0.1235, ""平台效用"": 0.1073, ""买家效用"": 0.2843, ""增益"": 0.8978}, {""轮次"": 7, ""价格"": 0.75, ""报价"": 0.983, ""平台收入"": 0.3683, ""平台效用"": 0.3074, ""买家效用"": 0.5972, ""增益"": 0.9822}, {""轮次"": 8, ""价格"": 0.75, ""报价"": 1.0448, ""平台收入"": 0.3683, ""平台效用"": 0.3074, ""买家效用"": 0.6579, ""增益"": 0.9822}, {""轮次"": 9, ""价格"": 0.75, ""报价"": 1.2675, ""平台收入"": 0.3683, ""平台效用"": 0.3074, ""买家效用"": 0.8767, ""增益"": 0.9822}, {""轮次"": 10, ""价格"": 0.75, ""报价"": 0.6258, ""平台收入"": 0.2478, ""平台效用"": 0.2105, ""买家效用"": 0.3461, ""增益"": 0.9491}]}","{""价格"": 0.75}","{""轮次"": 34, ""买家ID"": ""buyer_34"", ""价格"": 0.75, ""报价"": 0.6705, ""买家效用"": 0.358861, ""平台效用"": 0.243767, ""卖家效用"": [0.000841, -0.019974, 0.005408], ""平台收入"": 0.290042, ""增益"": 0.9678}","{""role"": ""平台"", ""fallback"": false, ""raw"": ""{\""reasoning\"": \""最近历史显示买家报价在0.34-1.27间波动，定价0.75在高报价期稳定获得最高收入0.3683，但低报价期收入骤降；维持0.75可在高估值期捕获收入同时避免提价增加流拍风险，继续巩固稳定收益。\"", \""价格\"": 0.75}"", ""error"": null, ""attempts"": 1, ""action"": {""价格"": 0.75}}"
34,平台,"{""当前轮次"": 35, ""总轮次"": 50, ""候选价格"": [0.1, 0.15, 0.2, 0.25, 0.3, 0.35, 0.4, 0.45, 0.5, 0.55, 0.6, 0.65, 0.7, 0.75, 0.8, 0.85, 0.9, 0.95, 1.0, 1.05, 1.1, 1.15, 1.2, 1.25, 1.3, 1.35, 1.4, 1.45, 1.5, 1.55, 1.6], ""卖家数量"": 3, ""最近历史"": [{""轮次"": 1, ""价格"": 0.75, ""报价"": 1.0784, ""平台收入"": 0.3683, ""平台效用"": 0.3074, ""买家效用"": 0.6909, ""增益"": 0.9822}, {""轮次"": 2, ""价格"": 0.75, ""报价"": 0.4946, ""平台收入"": 0.1484, ""平台效用"": 0.1274, ""买家效用"": 0.3016, ""增益"": 0.9097}, {""轮次"": 3, ""价格"": 0.75, ""报价"": 0.7667, ""平台收入"": 0.3683, ""平台效用"": 0.3074, ""买家效用"": 0.3848, ""增益"": 0.9822}, {""轮次"": 4, ""价格"": 0.75, ""报价"": 0.3438, ""平台收入"": 0.0684, ""平台效用"": 0.0601, ""买家效用"": 0.23, ""增益"": 0.8678}, {""轮次"": 5, ""价格"": 0.75, ""报价"": 0.4543, ""平台收入"": 0.1235, ""平台效用"": 0.1073, ""买家效用"": 0.2843, ""增益"": 0.8978}, {""轮次"": 6, ""价格"": 0.75, ""报价"": 0.983, ""平台收入"": 0.3683, ""平台效用"": 0.3074, ""买家效用"": 0.5972, ""增益"": 0.9822}, {""轮次"": 7, ""价格"": 0.75, ""报价"": 1.0448, ""平台收入"": 0.3683, ""平台效用"": 0.3074, ""买家效用"": 0.6579, ""增益"": 0.9822}, {""轮次"": 8, ""价格"": 0.75, ""报价"": 1.2675, ""平台收入"": 0.3683, ""平台效用"": 0.3074, ""买家效用"": 0.8767, ""增益"": 0.9822}, {""轮次"": 9, ""价格"": 0.75, ""报价"": 0.6258, ""平台收入"": 0.2478, ""平台效用"": 0.2105, ""买家效用"": 0.3461, ""增益"": 0.9491}, {""轮次"": 10, ""价格"": 0.75, ""报价"": 0.6705, ""平台收入"": 0.29, ""平台效用"": 0.2438, ""买家效用"": 0.3589, ""增益"": 0.9678}]}","{""价格"": 0.75}","{""轮次"": 35, ""买家ID"": ""buyer_35"", ""价格"": 0.75, ""报价"": 0.7696, ""买家效用"": 0.387547, ""平台效用"": 0.307366, ""卖家效用"": [0.008582, -0.019999, 0.012392], ""平台收入"": 0.368341, ""增益"": 0.9822}","{""role"": ""平台"", ""fallback"": false, ""raw"": ""{\""reasoning\"": \""历史数据显示0.75定价在高报价期稳定获得最高收入0.3683，但低报价期收入骤降；维持0.75可在高估值期捕获收入同时避免提价增加流拍风险，继续巩固稳定收益。\"", \""价格\"": 0.75}"", ""error"": null, ""attempts"": 1, ""action"": {""价格"": 0.75}}"
35,平台,"{""当前轮次"": 36, ""总轮次"": 50, ""候选价格"": [0.1, 0.15, 0.2, 0.25, 0.3, 0.35, 0.4, 0.45, 0.5, 0.55, 0.6, 0.65, 0.7, 0.75, 0.8, 0.85, 0.9, 0.95, 1.0, 1.05, 1.1, 1.15, 1.2, 1.25, 1.3, 1.35, 1.4, 1.45, 1.5, 1.55, 1.6], ""卖家数量"": 3, ""最近历史"": [{""轮次"": 1, ""价格"": 0.75, ""报价"": 0.4946, ""平台收入"": 0.1484, ""平台效用"": 0.1274, ""买家效用"": 0.3016, ""增益"": 0.9097}, {""轮次"": 2, ""价格"": 0.75, ""报价"": 0.7667, ""平台收入"": 0.3683, ""平台效用"": 0.3074, ""买家效用"": 0.3848, ""增益"": 0.9822}, {""轮次"": 3, ""价格"": 0.75, ""报价"": 0.3438, ""平台收入"": 0.0684, ""平台效用"": 0.0601, ""买家效用"": 0.23, ""增益"": 0.8678}, {""轮次"": 4, ""价格"": 0.75, ""报价"": 0.4543, ""平台收入"": 0.1235, ""平台效用"": 0.1073, ""买家效用"": 0.2843, ""增益"": 0.8978}, {""轮次"": 5, ""价格"": 0.75, ""报价"": 0.983, ""平台收入"": 0.3683, ""平台效用"": 0.3074, ""买家效用"": 0.5972, ""增益"": 0.9822}, {""轮次"": 6, ""价格"": 0.75, ""报价"": 1.0448, ""平台收入"": 0.3683, ""平台效用"": 0.3074, ""买家效用"": 0.6579, ""增益"": 0.9822}, {""轮次"": 7, ""价格"": 0.75, ""报价"": 1.2675, ""平台收入"": 0.3683, ""平台效用"": 0.3074, ""买家效用"": 0.8767, ""增益"": 0.9822}, {""轮次"": 8, ""价格"": 0.75, ""报价"": 0.6258, ""平台收入"": 0.2478, ""平台效用"": 0.2105, ""买家效用"": 0.3461, ""增益"": 0.9491}, {""轮次"": 9, ""价格"": 0.75, ""报价"": 0.6705, ""平台收入"": 0.29, ""平台效用"": 0.2438, ""买家效用"": 0.3589, ""增益"": 0.9678}, {""轮次"": 10, ""价格"": 0.75, ""报价"": 0.7696, ""平台收入"": 0.3683, ""平台效用"": 0.3074, ""买家效用"": 0.3875, ""增益"": 0.9822}]}","{""价格"": 0.75}","{""轮次"": 36, ""买家ID"": ""buyer_36"", ""价格"": 0.75, ""报价"": 0.4895, ""买家效用"": 0.299399, ""平台效用"": 0.12447, ""卖家效用"": [-0.010222, -0.019969, -0.009259], ""平台收入"": 0.14502, ""增益"": 0.908}","{""role"": ""平台"", ""fallback"": false, ""raw"": ""{\""reasoning\"": \""最近历史显示买家报价在0.34-1.27间波动，定价0.75在高报价期稳定获得最高收入0.3683，但低报价期收入骤降；维持0.75可在高估值期捕获收入同时避免提价增加流拍风险，继续巩固稳定收益。\"", \""价格\"": 0.75}"", ""error"": null, ""attempts"": 1, ""action"": {""价格"": 0.75}}"
36,平台,"{""当前轮次"": 37, ""总轮次"": 50, ""候选价格"": [0.1, 0.15, 0.2, 0.25, 0.3, 0.35, 0.4, 0.45, 0.5, 0.55, 0.6, 0.65, 0.7, 0.75, 0.8, 0.85, 0.9, 0.95, 1.0, 1.05, 1.1, 1.15, 1.2, 1.25, 1.3, 1.35, 1.4, 1.45, 1.5, 1.55, 1.6], ""卖家数量"": 3, ""最近历史"": [{""轮次"": 1, ""价格"": 0.75, ""报价"": 0.7667, ""平台收入"": 0.3683, ""平台效用"": 0.3074, ""买家效用"": 0.3848, ""增益"": 0.9822}, {""轮次"": 2, ""价格"": 0.75, ""报价"": 0.3438, ""平台收入"": 0.0684, ""平台效用"": 0.0601, ""买家效用"": 0.23, ""增益"": 0.8678}, {""轮次"": 3, ""价格"": 0.75, ""报价"": 0.4543, ""平台收入"": 0.1235, ""平台效用"": 0.1073, ""买家效用"": 0.2843, ""增益"": 0.8978}, {""轮次"": 4, ""价格"": 0.75, ""报价"": 0.983, ""平台收入"": 0.3683, ""平台效用"": 0.3074, ""买家效用"": 0.5972, ""增益"": 0.9822}, {""轮次"": 5, ""价格"": 0.75, ""报价"": 1.0448, ""平台收入"": 0.3683, ""平台效用"": 0.3074, ""买家效用"": 0.6579, ""增益"": 0.9822}, {""轮次"": 6, ""价格"": 0.75, ""报价"": 1.2675, ""平台收入"": 0.3683, ""平台效用"": 0.3074, ""买家效用"": 0.8767, ""增益"": 0.9822}, {""轮次"": 7, ""价格"": 0.75, ""报价"": 0.6258, ""平台收入"": 0.2478, ""平台效用"": 0.2105, ""买家效用"": 0.3461, ""增益"": 0.9491}, {""轮次"": 8, ""价格"": 0.75, ""报价"": 0.6705, ""平台收入"": 0.29, ""平台效用"": 0.2438, ""买家效用"": 0.3589, ""增益"": 0.9678}, {""轮次"": 9, ""价格"": 0.75, ""报价"": 0.7696, ""平台收入"": 0.3683, ""平台效用"": 0.3074, ""买家效用"": 0.3875, ""增益"": 0.9822}, {""轮次"": 10, ""价格"": 0.75, ""报价"": 0.4895, ""平台收入"": 0.145, ""平台效用"": 0.1245, ""买家效用"": 0.2994, ""增益"": 0.908}]}","{""价格"": 0.75}","{""轮次"": 37, ""买家ID"": ""buyer_37"", ""价格"": 0.75, ""报价"": 0.4299, ""买家效用"": 0.273997, ""平台效用"": 0.094598, ""卖家效用"": [-0.012538, -0.019945, -0.012032], ""平台收入"": 0.110083, ""增益"": 0.8934}","{""role"": ""平台"", ""fallback"": false, ""raw"": ""{\""reasoning\"": \""历史数据显示0.75定价在高报价期稳定获得最高收入0.3683，但低报价期收入骤降；维持0.75可在高估值期捕获收入同时避免提价增加流拍风险，继续巩固稳定收益。\"", \""价格\"": 0.75}"", ""error"": null, ""attempts"": 1, ""action"": {""价格"": 0.75}}"
37,平台,"{""当前轮次"": 38, ""总轮次"": 50, ""候选价格"": [0.1, 0.15, 0.2, 0.25, 0.3, 0.35, 0.4, 0.45, 0.5, 0.55, 0.6, 0.65, 0.7, 0.75, 0.8, 0.85, 0.9, 0.95, 1.0, 1.05, 1.1, 1.15, 1.2, 1.25, 1.3, 1.35, 1.4, 1.45, 1.5, 1.55, 1.6], ""卖家数量"": 3, ""最近历史"": [{""轮次"": 1, ""价格"": 0.75, ""报价"": 0.3438, ""平台收入"": 0.0684, ""平台效用"": 0.0601, ""买家效用"": 0.23, ""增益"": 0.8678}, {""轮次"": 2, ""价格"": 0.75, ""报价"": 0.4543, ""平台收入"": 0.1235, ""平台效用"": 0.1073, ""买家效用"": 0.2843, ""增益"": 0.8978}, {""轮次"": 3, ""价格"": 0.75, ""报价"": 0.983, ""平台收入"": 0.3683, ""平台效用"": 0.3074, ""买家效用"": 0.5972, ""增益"": 0.9822}, {""轮次"": 4, ""价格"": 0.75, ""报价"": 1.0448, ""平台收入"": 0.3683, ""平台效用"": 0.3074, ""买家效用"": 0.6579, ""增益"": 0.9822}, {""轮次"": 5, ""价格"": 0.75, ""报价"": 1.2675, ""平台收入"": 0.3683, ""平台效用"": 0.3074, ""买家效用"": 0.8767, ""增益"": 0.9822}, {""轮次"": 6, ""价格"": 0.75, ""报价"": 0.6258, ""平台收入"": 0.2478, ""平台效用"": 0.2105, ""买家效用"": 0.3461, ""增益"": 0.9491}, {""轮次"": 7, ""价格"": 0.75, ""报价"": 0.6705, ""平台收入"": 0.29, ""平台效用"": 0.2438, ""买家效用"": 0.3589, ""增益"": 0.9678}, {""轮次"": 8, ""价格"": 0.75, ""报价"": 0.7696, ""平台收入"": 0.3683, ""平台效用"": 0.3074, ""买家效用"": 0.3875, ""增益"": 0.9822}, {""轮次"": 9, ""价格"": 0.75, ""报价"": 0.4895, ""平台收入"": 0.145, ""平台效用"": 0.1245, ""买家效用"": 0.2994, ""增益"": 0.908}, {""轮次"": 10, ""价格"": 0.75, ""报价"": 0.4299, ""平台收入"": 0.1101, ""平台效用"": 0.0946, ""买家效用"": 0.274, ""增益"": 0.8934}]}","{""价格"": 0.75}","{""轮次"": 38, ""买家ID"": ""buyer_38"", ""价格"": 0.75, ""报价"": 0.7757, ""买家效用"": 0.393587, ""平台效用"": 0.307366, ""卖家效用"": [0.012392, -0.019999, 0.008582], ""平台收入"": 0.368341, ""增益"": 0.9822}","{""role"": ""平台"", ""fallback"": false, ""raw"": ""{\""reasoning\"": \""历史数据显示 0.75 定价在高报价期稳定获得最高收入 0.3683，但低报价期收入骤降；维持 0.75 可在高估值期捕获收入同时避免提价增加流拍风险，继续巩固稳定收益。\"", \""价格\"": 0.75}"", ""error"": null, ""attempts"": 1, ""action"": {""价格"": 0.75}}"
38,平台,"{""当前轮次"": 39, ""总轮次"": 50, ""候选价格"": [0.1, 0.15, 0.2, 0.25, 0.3, 0.35, 0.4, 0.45, 0.5, 0.55, 0.6, 0.65, 0.7, 0.75, 0.8, 0.85, 0.9, 0.95, 1.0, 1.05, 1.1, 1.15, 1.2, 1.25, 1.3, 1.35, 1.4, 1.45, 1.5, 1.55, 1.6], ""卖家数量"": 3, ""最近历史"": [{""轮次"": 1, ""价格"": 0.75, ""报价"": 0.4543, ""平台收入"": 0.1235, ""平台效用"": 0.1073, ""买家效用"": 0.2843, ""增益"": 0.8978}, {""轮次"": 2, ""价格"": 0.75, ""报价"": 0.983, ""平台收入"": 0.3683, ""平台效用"": 0.3074, ""买家效用"": 0.5972, ""增益"": 0.9822}, {""轮次"": 3, ""价格"": 0.75, ""报价"": 1.0448, ""平台收入"": 0.3683, ""平台效用"": 0.3074, ""买家效用"": 0.6579, ""增益"": 0.9822}, {""轮次"": 4, ""价格"": 0.75, ""报价"": 1.2675, ""平台收入"": 0.3683, ""平台效用"": 0.3074, ""买家效用"": 0.8767, ""增益"": 0.9822}, {""轮次"": 5, ""价格"": 0.75, ""报价"": 0.6258, ""平台收入"": 0.2478, ""平台效用"": 0.2105, ""买家效用"": 0.3461, ""增益"": 0.9491}, {""轮次"": 6, ""价格"": 0.75, ""报价"": 0.6705, ""平台收入"": 0.29, ""平台效用"": 0.2438, ""买家效用"": 0.3589, ""增益"": 0.9678}, {""轮次"": 7, ""价格"": 0.75, ""报价"": 0.7696, ""平台收入"": 0.3683, ""平台效用"": 0.3074, ""买家效用"": 0.3875, ""增益"": 0.9822}, {""轮次"": 8, ""价格"": 0.75, ""报价"": 0.4895, ""平台收入"": 0.145, ""平台效用"": 0.1245, ""买家效用"": 0.2994, ""增益"": 0.908}, {""轮次"": 9, ""价格"": 0.75, ""报价"": 0.4299, ""平台收入"": 0.1101, ""平台效用"": 0.0946, ""买家效用"": 0.274, ""增益"": 0.8934}, {""轮次"": 10, ""价格"": 0.75, ""报价"": 0.7757, ""平台收入"": 0.3683, ""平台效用"": 0.3074, ""买家效用"": 0.3936, ""增益"": 0.9822}]}","{""价格"": 0.75}","{""轮次"": 39, ""买家ID"": ""buyer_39"", ""价格"": 0.75, ""报价"": 0.5269, ""买家效用"": 0.315593, ""平台效用"": 0.14685, ""卖家效用"": [-0.008049, -0.019873, -0.008041], ""平台收入"": 0.170887, ""增益"": 0.9233}","{""role"": ""平台"", ""fallback"": false, ""raw"": ""{\""reasoning\"": \""历史显示0.75定价在高报价期稳定获得最高收入0.3683，但低报价期收入骤降；维持0.75可在高估值期捕获收入同时避免提价增加流拍风险，继续巩固稳定收益。\"", \""价格\"": 0.75}"", ""error"": ""RemoteDisconnected('Remote end closed connection without response')"", ""attempts"": 2, ""action"": {""价格"": 0.75}}"
39,平台,"{""当前轮次"": 40, ""总轮次"": 50, ""候选价格"": [0.1, 0.15, 0.2, 0.25, 0.3, 0.35, 0.4, 0.45, 0.5, 0.55, 0.6, 0.65, 0.7, 0.75, 0.8, 0.85, 0.9, 0.95, 1.0, 1.05, 1.1, 1.15, 1.2, 1.25, 1.3, 1.35, 1.4, 1.45, 1.5, 1.55, 1.6], ""卖家数量"": 3, ""最近历史"": [{""轮次"": 1, ""价格"": 0.75, ""报价"": 0.983, ""平台收入"": 0.3683, ""平台效用"": 0.3074, ""买家效用"": 0.5972, ""增益"": 0.9822}, {""轮次"": 2, ""价格"": 0.75, ""报价"": 1.0448, ""平台收入"": 0.3683, ""平台效用"": 0.3074, ""买家效用"": 0.6579, ""增益"": 0.9822}, {""轮次"": 3, ""价格"": 0.75, ""报价"": 1.2675, ""平台收入"": 0.3683, ""平台效用"": 0.3074, ""买家效用"": 0.8767, ""增益"": 0.9822}, {""轮次"": 4, ""价格"": 0.75, ""报价"": 0.6258, ""平台收入"": 0.2478, ""平台效用"": 0.2105, ""买家效用"": 0.3461, ""增益"": 0.9491}, {""轮次"": 5, ""价格"": 0.75, ""报价"": 0.6705, ""平台收入"": 0.29, ""平台效用"": 0.2438, ""买家效用"": 0.3589, ""增益"": 0.9678}, {""轮次"": 6, ""价格"": 0.75, ""报价"": 0.7696, ""平台收入"": 0.3683, ""平台效用"": 0.3074, ""买家效用"": 0.3875, ""增益"": 0.9822}, {""轮次"": 7, ""价格"": 0.75, ""报价"": 0.4895, ""平台收入"": 0.145, ""平台效用"": 0.1245, ""买家效用"": 0.2994, ""增益"": 0.908}, {""轮次"": 8, ""价格"": 0.75, ""报价"": 0.4299, ""平台收入"": 0.1101, ""平台效用"": 0.0946, ""买家效用"": 0.274, ""增益"": 0.8934}, {""轮次"": 9, ""价格"": 0.75, ""报价"": 0.7757, ""平台收入"": 0.3683, ""平台效用"": 0.3074, ""买家效用"": 0.3936, ""增益"": 0.9822}, {""轮次"": 10, ""价格"": 0.75, ""报价"": 0.5269, ""平台收入"": 0.1709, ""平台效用"": 0.1468, ""买家效用"": 0.3156, ""增益"": 0.9233}]}","{""价格"": 0.75}","{""轮次"": 40, ""买家ID"": ""buyer_40"", ""价格"": 0.75, ""报价"": 0.9698, ""买家效用"": 0.584248, ""平台效用"": 0.307366, ""卖家效用"": [0.006676, -0.019999, 0.014298], ""平台收入"": 0.368341, ""增益"": 0.9822}","{""role"": ""平台"", ""fallback"": false, ""raw"": ""{\""reasoning\"": \""历史数据显示0.75定价在高报价期稳定获得最高收入0.3683，但低报价期收入骤降；维持0.75可在高估值期捕获收入同时避免提价增加流拍风险，继续巩固稳定收益。\"", \""价格\"": 0.75}"", ""error"": null, ""attempts"": 1, ""action"": {""价格"": 0.75}}"
40,平台,"{""当前轮次"": 41, ""总轮次"": 50, ""候选价格"": [0.1, 0.15, 0.2, 0.25, 0.3, 0.35, 0.4, 0.45, 0.5, 0.55, 0.6, 0.65, 0.7, 0.75, 0.8, 0.85, 0.9, 0.95, 1.0, 1.05, 1.1, 1.15, 1.2, 1.25, 1.3, 1.35, 1.4, 1.45, 1.5, 1.55, 1.6], ""卖家数量"": 3, ""最近历史"": [{""轮次"": 1, ""价格"": 0.75, ""报价"": 1.0448, ""平台收入"": 0.3683, ""平台效用"": 0.3074, ""买家效用"": 0.6579, ""增益"": 0.9822}, {""轮次"": 2, ""价格"": 0.75, ""报价"": 1.2675, ""平台收入"": 0.3683, ""平台效用"": 0.3074, ""买家效用"": 0.8767, ""增益"": 0.9822}, {""轮次"": 3, ""价格"": 0.75, ""报价"": 0.6258, ""平台收入"": 0.2478, ""平台效用"": 0.2105, ""买家效用"": 0.3461, ""增益"": 0.9491}, {""轮次"": 4, ""价格"": 0.75, ""报价"": 0.6705, ""平台收入"": 0.29, ""平台效用"": 0.2438, ""买家效用"": 0.3589, ""增益"": 0.9678}, {""轮次"": 5, ""价格"": 0.75, ""报价"": 0.7696, ""平台收入"": 0.3683, ""平台效用"": 0.3074, ""买家效用"": 0.3875, ""增益"": 0.9822}, {""轮次"": 6, ""价格"": 0.75, ""报价"": 0.4895, ""平台收入"": 0.145, ""平台效用"": 0.1245, ""买家效用"": 0.2994, ""增益"": 0.908}, {""轮次"": 7, ""价格"": 0.75, ""报价"": 0.4299, ""平台收入"": 0.1101, ""平台效用"": 0.0946, ""买家效用"": 0.274, ""增益"": 0.8934}, {""轮次"": 8, ""价格"": 0.75, ""报价"": 0.7757, ""平台收入"": 0.3683, ""平台效用"": 0.3074, ""买家效用"": 0.3936, ""增益"": 0.9822}, {""轮次"": 9, ""价格"": 0.75, ""报价"": 0.5269, ""平台收入"": 0.1709, ""平台效用"": 0.1468, ""买家效用"": 0.3156, ""增益"": 0.9233}, {""轮次"": 10, ""价格"": 0.75, ""报价"": 0.9698, ""平台收入"": 0.3683, ""平台效用"": 0.3074, ""买家效用"": 0.5842, ""增益"": 0.9822}]}","{""价格"": 0.75}","{""轮次"": 41, ""买家ID"": ""buyer_41"", ""价格"": 0.75, ""报价"": 0.7372, ""买家效用"": 0.368081, ""平台效用"": 0.296953, ""卖家效用"": [0.009213, -0.019998, 0.009514], ""平台收入"": 0.355682, ""增益"": 0.9818}","{""role"": ""平台"", ""fallback"": false, ""raw"": ""{\""reasoning\"": \""历史数据显示0.75定价在高报价期稳定获得最高收入0.3683，但低报价期收入骤降；维持0.75可在高估值期捕获收入同时避免提价增加流拍风险，继续巩固稳定收益。\"", \""价格\"": 0.75}"", ""error"": null, ""attempts"": 1, ""action"": {""价格"": 0.75}}"
41,平台,"{""当前轮次"": 42, ""总轮次"": 50, ""候选价格"": [0.1, 0.15, 0.2, 0.25, 0.3, 0.35, 0.4, 0.45, 0.5, 0.55, 0.6, 0.65, 0.7, 0.75, 0.8, 0.85, 0.9, 0.95, 1.0, 1.05, 1.1, 1.15, 1.2, 1.25, 1.3, 1.35, 1.4, 1.45, 1.5, 1.55, 1.6], ""卖家数量"": 3, ""最近历史"": [{""轮次"": 1, ""价格"": 0.75, ""报价"": 1.2675, ""平台收入"": 0.3683, ""平台效用"": 0.3074, ""买家效用"": 0.8767, ""增益"": 0.9822}, {""轮次"": 2, ""价格"": 0.75, ""报价"": 0.6258, ""平台收入"": 0.2478, ""平台效用"": 0.2105, ""买家效用"": 0.3461, ""增益"": 0.9491}, {""轮次"": 3, ""价格"": 0.75, ""报价"": 0.6705, ""平台收入"": 0.29, ""平台效用"": 0.2438, ""买家效用"": 0.3589, ""增益"": 0.9678}, {""轮次"": 4, ""价格"": 0.75, ""报价"": 0.7696, ""平台收入"": 0.3683, ""平台效用"": 0.3074, ""买家效用"": 0.3875, ""增益"": 0.9822}, {""轮次"": 5, ""价格"": 0.75, ""报价"": 0.4895, ""平台收入"": 0.145, ""平台效用"": 0.1245, ""买家效用"": 0.2994, ""增益"": 0.908}, {""轮次"": 6, ""价格"": 0.75, ""报价"": 0.4299, ""平台收入"": 0.1101, ""平台效用"": 0.0946, ""买家效用"": 0.274, ""增益"": 0.8934}, {""轮次"": 7, ""价格"": 0.75, ""报价"": 0.7757, ""平台收入"": 0.3683, ""平台效用"": 0.3074, ""买家效用"": 0.3936, ""增益"": 0.9822}, {""轮次"": 8, ""价格"": 0.75, ""报价"": 0.5269, ""平台收入"": 0.1709, ""平台效用"": 0.1468, ""买家效用"": 0.3156, ""增益"": 0.9233}, {""轮次"": 9, ""价格"": 0.75, ""报价"": 0.9698, ""平台收入"": 0.3683, ""平台效用"": 0.3074, ""买家效用"": 0.5842, ""增益"": 0.9822}, {""轮次"": 10, ""价格"": 0.75, ""报价"": 0.7372, ""平台收入"": 0.3557, ""平台效用"": 0.297, ""买家效用"": 0.3681, ""增益"": 0.9818}]}","{""价格"": 0.75}","{""轮次"": 42, ""买家ID"": ""buyer_42"", ""价格"": 0.75, ""报价"": 1.1327, ""买家效用"": 0.74422, ""平台效用"": 0.307366, ""卖家效用"": [0.002865, -0.019999, 0.018109], ""平台收入"": 0.368341, ""增益"": 0.9822}","{""role"": ""平台"", ""fallback"": false, ""raw"": ""{\""reasoning\"": \""历史显示0.75定价在高报价期稳定获得最高收入0.3683，但低报价期收入骤降；维持0.75可在高估值期捕获收入同时避免提价增加流拍风险，继续巩固稳定收益。\"", \""价格\"": 0.75}"", ""error"": null, ""attempts"": 1, ""action"": {""价格"": 0.75}}"
42,平台,"{""当前轮次"": 43, ""总轮次"": 50, ""候选价格"": [0.1, 0.15, 0.2, 0.25, 0.3, 0.35, 0.4, 0.45, 0.5, 0.55, 0.6, 0.65, 0.7, 0.75, 0.8, 0.85, 0.9, 0.95, 1.0, 1.05, 1.1, 1.15, 1.2, 1.25, 1.3, 1.35, 1.4, 1.45, 1.5, 1.55, 1.6], ""卖家数量"": 3, ""最近历史"": [{""轮次"": 1, ""价格"": 0.75, ""报价"": 0.6258, ""平台收入"": 0.2478, ""平台效用"": 0.2105, ""买家效用"": 0.3461, ""增益"": 0.9491}, {""轮次"": 2, ""价格"": 0.75, ""报价"": 0.6705, ""平台收入"": 0.29, ""平台效用"": 0.2438, ""买家效用"": 0.3589, ""增益"": 0.9678}, {""轮次"": 3, ""价格"": 0.75, ""报价"": 0.7696, ""平台收入"": 0.3683, ""平台效用"": 0.3074, ""买家效用"": 0.3875, ""增益"": 0.9822}, {""轮次"": 4, ""价格"": 0.75, ""报价"": 0.4895, ""平台收入"": 0.145, ""平台效用"": 0.1245, ""买家效用"": 0.2994, ""增益"": 0.908}, {""轮次"": 5, ""价格"": 0.75, ""报价"": 0.4299, ""平台收入"": 0.1101, ""平台效用"": 0.0946, ""买家效用"": 0.274, ""增益"": 0.8934}, {""轮次"": 6, ""价格"": 0.75, ""报价"": 0.7757, ""平台收入"": 0.3683, ""平台效用"": 0.3074, ""买家效用"": 0.3936, ""增益"": 0.9822}, {""轮次"": 7, ""价格"": 0.75, ""报价"": 0.5269, ""平台收入"": 0.1709, ""平台效用"": 0.1468, ""买家效用"": 0.3156, ""增益"": 0.9233}, {""轮次"": 8, ""价格"": 0.75, ""报价"": 0.9698, ""平台收入"": 0.3683, ""平台效用"": 0.3074, ""买家效用"": 0.5842, ""增益"": 0.9822}, {""轮次"": 9, ""价格"": 0.75, ""报价"": 0.7372, ""平台收入"": 0.3557, ""平台效用"": 0.297, ""买家效用"": 0.3681, ""增益"": 0.9818}, {""轮次"": 10, ""价格"": 0.75, ""报价"": 1.1327, ""平台收入"": 0.3683, ""平台效用"": 0.3074, ""买家效用"": 0.7442, ""增益"": 0.9822}]}","{""价格"": 0.75}","{""轮次"": 43, ""买家ID"": ""buyer_43"", ""价格"": 0.75, ""报价"": 1.0003, ""买家效用"": 0.614158, ""平台效用"": 0.307366, ""卖家效用"": [0.006676, -0.019999, 0.014298], ""平台收入"": 0.368341, ""增益"": 0.9822}","{""role"": ""平台"", ""fallback"": false, ""raw"": ""{\""reasoning\"": \""历史数据显示0.75定价在高报价期稳定获得最高收入0.3683，但低报价期收入骤降；维持0.75可在高估值期捕获收入同时避免提价增加流拍风险，继续巩固稳定收益。\"", \""价格\"": 0.75}"", ""error"": null, ""attempts"": 1, ""action"": {""价格"": 0.75}}"
43,平台,"{""当前轮次"": 44, ""总轮次"": 50, ""候选价格"": [0.1, 0.15, 0.2, 0.25, 0.3, 0.35, 0.4, 0.45, 0.5, 0.55, 0.6, 0.65, 0.7, 0.75, 0.8, 0.85, 0.9, 0.95, 1.0, 1.05, 1.1, 1.15, 1.2, 1.25, 1.3, 1.35, 1.4, 1.45, 1.5, 1.55, 1.6], ""卖家数量"": 3, ""最近历史"": [{""轮次"": 1, ""价格"": 0.75, ""报价"": 0.6705, ""平台收入"": 0.29, ""平台效用"": 0.2438, ""买家效用"": 0.3589, ""增益"": 0.9678}, {""轮次"": 2, ""价格"": 0.75, ""报价"": 0.7696, ""平台收入"": 0.3683, ""平台效用"": 0.3074, ""买家效用"": 0.3875, ""增益"": 0.9822}, {""轮次"": 3, ""价格"": 0.75, ""报价"": 0.4895, ""平台收入"": 0.145, ""平台效用"": 0.1245, ""买家效用"": 0.2994, ""增益"": 0.908}, {""轮次"": 4, ""价格"": 0.75, ""报价"": 0.4299, ""平台收入"": 0.1101, ""平台效用"": 0.0946, ""买家效用"": 0.274, ""增益"": 0.8934}, {""轮次"": 5, ""价格"": 0.75, ""报价"": 0.7757, ""平台收入"": 0.3683, ""平台效用"": 0.3074, ""买家效用"": 0.3936, ""增益"": 0.9822}, {""轮次"": 6, ""价格"": 0.75, ""报价"": 0.5269, ""平台收入"": 0.1709, ""平台效用"": 0.1468, ""买家效用"": 0.3156, ""增益"": 0.9233}, {""轮次"": 7, ""价格"": 0.75, ""报价"": 0.9698, ""平台收入"": 0.3683, ""平台效用"": 0.3074, ""买家效用"": 0.5842, ""增益"": 0.9822}, {""轮次"": 8, ""价格"": 0.75, ""报价"": 0.7372, ""平台收入"": 0.3557, ""平台效用"": 0.297, ""买家效用"": 0.3681, ""增益"": 0.9818}, {""轮次"": 9, ""价格"": 0.75, ""报价"": 1.1327, ""平台收入"": 0.3683, ""平台效用"": 0.3074, ""买家效用"": 0.7442, ""增益"": 0.9822}, {""轮次"": 10, ""价格"": 0.75, ""报价"": 1.0003, ""平台收入"": 0.3683, ""平台效用"": 0.3074, ""买家效用"": 0.6142, ""增益"": 0.9822}]}","{""价格"": 0.75}","{""轮次"": 44, ""买家ID"": ""buyer_44"", ""价格"": 0.75, ""报价"": 0.6124, ""买家效用"": 0.343355, ""平台效用"": 0.201204, ""卖家效用"": [-0.004366, -0.019969, 7e-06], ""平台收入"": 0.236876, ""增益"": 0.9475}","{""role"": ""平台"", ""fallback"": false, ""raw"": ""{\""reasoning\"": \""历史显示0.75定价在高报价期稳定获得最高收入0.3683，但低报价期收入骤降；维持0.75可在高估值期捕获收入同时避免提价增加流拍风险，继续巩固稳定收益。\"", \""价格\"": 0.75}"", ""error"": null, ""attempts"": 1, ""action"": {""价格"": 0.75}}"
44,平台,"{""当前轮次"": 45, ""总轮次"": 50, ""候选价格"": [0.1, 0.15, 0.2, 0.25, 0.3, 0.35, 0.4, 0.45, 0.5, 0.55, 0.6, 0.65, 0.7, 0.75, 0.8, 0.85, 0.9, 0.95, 1.0, 1.05, 1.1, 1.15, 1.2, 1.25, 1.3, 1.35, 1.4, 1.45, 1.5, 1.55, 1.6], ""卖家数量"": 3, ""最近历史"": [{""轮次"": 1, ""价格"": 0.75, ""报价"": 0.7696, ""平台收入"": 0.3683, ""平台效用"": 0.3074, ""买家效用"": 0.3875, ""增益"": 0.9822}, {""轮次"": 2, ""价格"": 0.75, ""报价"": 0.4895, ""平台收入"": 0.145, ""平台效用"": 0.1245, ""买家效用"": 0.2994, ""增益"": 0.908}, {""轮次"": 3, ""价格"": 0.75, ""报价"": 0.4299, ""平台收入"": 0.1101, ""平台效用"": 0.0946, ""买家效用"": 0.274, ""增益"": 0.8934}, {""轮次"": 4, ""价格"": 0.75, ""报价"": 0.7757, ""平台收入"": 0.3683, ""平台效用"": 0.3074, ""买家效用"": 0.3936, ""增益"": 0.9822}, {""轮次"": 5, ""价格"": 0.75, ""报价"": 0.5269, ""平台收入"": 0.1709, ""平台效用"": 0.1468, ""买家效用"": 0.3156, ""增益"": 0.9233}, {""轮次"": 6, ""价格"": 0.75, ""报价"": 0.9698, ""平台收入"": 0.3683, ""平台效用"": 0.3074, ""买家效用"": 0.5842, ""增益"": 0.9822}, {""轮次"": 7, ""价格"": 0.75, ""报价"": 0.7372, ""平台收入"": 0.3557, ""平台效用"": 0.297, ""买家效用"": 0.3681, ""增益"": 0.9818}, {""轮次"": 8, ""价格"": 0.75, ""报价"": 1.1327, ""平台收入"": 0.3683, ""平台效用"": 0.3074, ""买家效用"": 0.7442, ""增益"": 0.9822}, {""轮次"": 9, ""价格"": 0.75, ""报价"": 1.0003, ""平台收入"": 0.3683, ""平台效用"": 0.3074, ""买家效用"": 0.6142, ""增益"": 0.9822}, {""轮次"": 10, ""价格"": 0.75, ""报价"": 0.6124, ""平台收入"": 0.2369, ""平台效用"": 0.2012, ""买家效用"": 0.3434, ""增益"": 0.9475}]}","{""价格"": 0.75}","{""轮次"": 45, ""买家ID"": ""buyer_45"", ""价格"": 0.75, ""报价"": 1.1323, ""买家效用"": 0.743809, ""平台效用"": 0.307365, ""卖家效用"": [0.010487, -0.019998, 0.010487], ""平台收入"": 0.368341, ""增益"": 0.9822}","{""role"": ""平台"", ""fallback"": false, ""raw"": ""{\""reasoning\"": \""历史数据显示0.75定价在高报价期稳定获得最高收入0.3683，但低报价期收入骤降；维持0.75可在高估值期捕获收入同时避免提价增加流拍风险，继续巩固稳定收益。\"", \""价格\"": 0.75}"", ""error"": null, ""attempts"": 1, ""action"": {""价格"": 0.75}}"
45,平台,"{""当前轮次"": 46, ""总轮次"": 50, ""候选价格"": [0.1, 0.15, 0.2, 0.25, 0.3, 0.35, 0.4, 0.45, 0.5, 0.55, 0.6, 0.65, 0.7, 0.75, 0.8, 0.85, 0.9, 0.95, 1.0, 1.05, 1.1, 1.15, 1.2, 1.25, 1.3, 1.35, 1.4, 1.45, 1.5, 1.55, 1.6], ""卖家数量"": 3, ""最近历史"": [{""轮次"": 1, ""价格"": 0.75, ""报价"": 0.4895, ""平台收入"": 0.145, ""平台效用"": 0.1245, ""买家效用"": 0.2994, ""增益"": 0.908}, {""轮次"": 2, ""价格"": 0.75, ""报价"": 0.4299, ""平台收入"": 0.1101, ""平台效用"": 0.0946, ""买家效用"": 0.274, ""增益"": 0.8934}, {""轮次"": 3, ""价格"": 0.75, ""报价"": 0.7757, ""平台收入"": 0.3683, ""平台效用"": 0.3074, ""买家效用"": 0.3936, ""增益"": 0.9822}, {""轮次"": 4, ""价格"": 0.75, ""报价"": 0.5269, ""平台收入"": 0.1709, ""平台效用"": 0.1468, ""买家效用"": 0.3156, ""增益"": 0.9233}, {""轮次"": 5, ""价格"": 0.75, ""报价"": 0.9698, ""平台收入"": 0.3683, ""平台效用"": 0.3074, ""买家效用"": 0.5842, ""增益"": 0.9822}, {""轮次"": 6, ""价格"": 0.75, ""报价"": 0.7372, ""平台收入"": 0.3557, ""平台效用"": 0.297, ""买家效用"": 0.3681, ""增益"": 0.9818}, {""轮次"": 7, ""价格"": 0.75, ""报价"": 1.1327, ""平台收入"": 0.3683, ""平台效用"": 0.3074, ""买家效用"": 0.7442, ""增益"": 0.9822}, {""轮次"": 8, ""价格"": 0.75, ""报价"": 1.0003, ""平台收入"": 0.3683, ""平台效用"": 0.3074, ""买家效用"": 0.6142, ""增益"": 0.9822}, {""轮次"": 9, ""价格"": 0.75, ""报价"": 0.6124, ""平台收入"": 0.2369, ""平台效用"": 0.2012, ""买家效用"": 0.3434, ""增益"": 0.9475}, {""轮次"": 10, ""价格"": 0.75, ""报价"": 1.1323, ""平台收入"": 0.3683, ""平台效用"": 0.3074, ""买家效用"": 0.7438, ""增益"": 0.9822}]}","{""价格"": 0.75}","{""轮次"": 46, ""买家ID"": ""buyer_46"", ""价格"": 0.75, ""报价"": 1.1048, ""买家效用"": 0.716802, ""平台效用"": 0.307366, ""卖家效用"": [0.005724, -0.019999, 0.015251], ""平台收入"": 0.368341, ""增益"": 0.9822}","{""role"": ""平台"", ""fallback"": false, ""raw"": ""{\""reasoning\"": \""历史数据显示0.75定价在高报价期稳定获得最高收入0.3683，但低报价期收入骤降；维持0.75可在高估值期捕获收入同时避免提价增加流拍风险，继续巩固稳定收益。\"", \""价格\"": 0.75}"", ""error"": null, ""attempts"": 1, ""action"": {""价格"": 0.75}}"
46,平台,"{""当前轮次"": 47, ""总轮次"": 50, ""候选价格"": [0.1, 0.15, 0.2, 0.25, 0.3, 0.35, 0.4, 0.45, 0.5, 0.55, 0.6, 0.65, 0.7, 0.75, 0.8, 0.85, 0.9, 0.95, 1.0, 1.05, 1.1, 1.15, 1.2, 1.25, 1.3, 1.35, 1.4, 1.45, 1.5, 1.55, 1.6], ""卖家数量"": 3, ""最近历史"": [{""轮次"": 1, ""价格"": 0.75, ""报价"": 0.4299, ""平台收入"": 0.1101, ""平台效用"": 0.0946, ""买家效用"": 0.274, ""增益"": 0.8934}, {""轮次"": 2, ""价格"": 0.75, ""报价"": 0.7757, ""平台收入"": 0.3683, ""平台效用"": 0.3074, ""买家效用"": 0.3936, ""增益"": 0.9822}, {""轮次"": 3, ""价格"": 0.75, ""报价"": 0.5269, ""平台收入"": 0.1709, ""平台效用"": 0.1468, ""买家效用"": 0.3156, ""增益"": 0.9233}, {""轮次"": 4, ""价格"": 0.75, ""报价"": 0.9698, ""平台收入"": 0.3683, ""平台效用"": 0.3074, ""买家效用"": 0.5842, ""增益"": 0.9822}, {""轮次"": 5, ""价格"": 0.75, ""报价"": 0.7372, ""平台收入"": 0.3557, ""平台效用"": 0.297, ""买家效用"": 0.3681, ""增益"": 0.9818}, {""轮次"": 6, ""价格"": 0.75, ""报价"": 1.1327, ""平台收入"": 0.3683, ""平台效用"": 0.3074, ""买家效用"": 0.7442, ""增益"": 0.9822}, {""轮次"": 7, ""价格"": 0.75, ""报价"": 1.0003, ""平台收入"": 0.3683, ""平台效用"": 0.3074, ""买家效用"": 0.6142, ""增益"": 0.9822}, {""轮次"": 8, ""价格"": 0.75, ""报价"": 0.6124, ""平台收入"": 0.2369, ""平台效用"": 0.2012, ""买家效用"": 0.3434, ""增益"": 0.9475}, {""轮次"": 9, ""价格"": 0.75, ""报价"": 1.1323, ""平台收入"": 0.3683, ""平台效用"": 0.3074, ""买家效用"": 0.7438, ""增益"": 0.9822}, {""轮次"": 10, ""价格"": 0.75, ""报价"": 1.1048, ""平台收入"": 0.3683, ""平台效用"": 0.3074, ""买家效用"": 0.7168, ""增益"": 0.9822}]}","{""价格"": 0.75}","{""轮次"": 47, ""买家ID"": ""buyer_47"", ""价格"": 0.75, ""报价"": 0.6875, ""买家效用"": 0.361674, ""平台效用"": 0.257176, ""卖家效用"": [0.002518, -0.019958, 0.006278], ""平台收入"": 0.306014, ""增益"": 0.9712}","{""role"": ""平台"", ""fallback"": false, ""raw"": ""{\""reasoning\"": \""历史显示0.75定价在高报价期稳定获得最高收入0.3683，但低报价期收入骤降；维持0.75可在高估值期捕获收入同时避免提价增加流拍风险，继续巩固稳定收益。\"", \""价格\"": 0.75}"", ""error"": null, ""attempts"": 1, ""action"": {""价格"": 0.75}}"
47,平台,"{""当前轮次"": 48, ""总轮次"": 50, ""候选价格"": [0.1, 0.15, 0.2, 0.25, 0.3, 0.35, 0.4, 0.45, 0.5, 0.55, 0.6, 0.65, 0.7, 0.75, 0.8, 0.85, 0.9, 0.95, 1.0, 1.05, 1.1, 1.15, 1.2, 1.25, 1.3, 1.35, 1.4, 1.45, 1.5, 1.55, 1.6], ""卖家数量"": 3, ""最近历史"": [{""轮次"": 1, ""价格"": 0.75, ""报价"": 0.7757, ""平台收入"": 0.3683, ""平台效用"": 0.3074, ""买家效用"": 0.3936, ""增益"": 0.9822}, {""轮次"": 2, ""价格"": 0.75, ""报价"": 0.5269, ""平台收入"": 0.1709, ""平台效用"": 0.1468, ""买家效用"": 0.3156, ""增益"": 0.9233}, {""轮次"": 3, ""价格"": 0.75, ""报价"": 0.9698, ""平台收入"": 0.3683, ""平台效用"": 0.3074, ""买家效用"": 0.5842, ""增益"": 0.9822}, {""轮次"": 4, ""价格"": 0.75, ""报价"": 0.7372, ""平台收入"": 0.3557, ""平台效用"": 0.297, ""买家效用"": 0.3681, ""增益"": 0.9818}, {""轮次"": 5, ""价格"": 0.75, ""报价"": 1.1327, ""平台收入"": 0.3683, ""平台效用"": 0.3074, ""买家效用"": 0.7442, ""增益"": 0.9822}, {""轮次"": 6, ""价格"": 0.75, ""报价"": 1.0003, ""平台收入"": 0.3683, ""平台效用"": 0.3074, ""买家效用"": 0.6142, ""增益"": 0.9822}, {""轮次"": 7, ""价格"": 0.75, ""报价"": 0.6124, ""平台收入"": 0.2369, ""平台效用"": 0.2012, ""买家效用"": 0.3434, ""增益"": 0.9475}, {""轮次"": 8, ""价格"": 0.75, ""报价"": 1.1323, ""平台收入"": 0.3683, ""平台效用"": 0.3074, ""买家效用"": 0.7438, ""增益"": 0.9822}, {""轮次"": 9, ""价格"": 0.75, ""报价"": 1.1048, ""平台收入"": 0.3683, ""平台效用"": 0.3074, ""买家效用"": 0.7168, ""增益"": 0.9822}, {""轮次"": 10, ""价格"": 0.75, ""报价"": 0.6875, ""平台收入"": 0.306, ""平台效用"": 0.2572, ""买家效用"": 0.3617, ""增益"": 0.9712}]}","{""价格"": 0.75}","{""轮次"": 48, ""买家ID"": ""buyer_48"", ""价格"": 0.75, ""报价"": 0.5883, ""买家效用"": 0.335517, ""平台效用"": 0.185515, ""卖家效用"": [-0.004347, -0.01997, -0.004679], ""平台收入"": 0.216519, ""增益"": 0.9383}","{""role"": ""平台"", ""fallback"": false, ""raw"": ""{\""reasoning\"": \""历史显示0.75定价在高报价期稳定获得最高收入0.3683，但低报价期收入骤降；维持0.75可在高估值期捕获收入同时避免提价增加流拍风险，继续巩固稳定收益。\"", \""价格\"": 0.75}"", ""error"": ""RemoteDisconnected('Remote end closed connection without response')"", ""attempts"": 2, ""action"": {""价格"": 0.75}}"
48,平台,"{""当前轮次"": 49, ""总轮次"": 50, ""候选价格"": [0.1, 0.15, 0.2, 0.25, 0.3, 0.35, 0.4, 0.45, 0.5, 0.55, 0.6, 0.65, 0.7, 0.75, 0.8, 0.85, 0.9, 0.95, 1.0, 1.05, 1.1, 1.15, 1.2, 1.25, 1.3, 1.35, 1.4, 1.45, 1.5, 1.55, 1.6], ""卖家数量"": 3, ""最近历史"": [{""轮次"": 1, ""价格"": 0.75, ""报价"": 0.5269, ""平台收入"": 0.1709, ""平台效用"": 0.1468, ""买家效用"": 0.3156, ""增益"": 0.9233}, {""轮次"": 2, ""价格"": 0.75, ""报价"": 0.9698, ""平台收入"": 0.3683, ""平台效用"": 0.3074, ""买家效用"": 0.5842, ""增益"": 0.9822}, {""轮次"": 3, ""价格"": 0.75, ""报价"": 0.7372, ""平台收入"": 0.3557, ""平台效用"": 0.297, ""买家效用"": 0.3681, ""增益"": 0.9818}, {""轮次"": 4, ""价格"": 0.75, ""报价"": 1.1327, ""平台收入"": 0.3683, ""平台效用"": 0.3074, ""买家效用"": 0.7442, ""增益"": 0.9822}, {""轮次"": 5, ""价格"": 0.75, ""报价"": 1.0003, ""平台收入"": 0.3683, ""平台效用"": 0.3074, ""买家效用"": 0.6142, ""增益"": 0.9822}, {""轮次"": 6, ""价格"": 0.75, ""报价"": 0.6124, ""平台收入"": 0.2369, ""平台效用"": 0.2012, ""买家效用"": 0.3434, ""增益"": 0.9475}, {""轮次"": 7, ""价格"": 0.75, ""报价"": 1.1323, ""平台收入"": 0.3683, ""平台效用"": 0.3074, ""买家效用"": 0.7438, ""增益"": 0.9822}, {""轮次"": 8, ""价格"": 0.75, ""报价"": 1.1048, ""平台收入"": 0.3683, ""平台效用"": 0.3074, ""买家效用"": 0.7168, ""增益"": 0.9822}, {""轮次"": 9, ""价格"": 0.75, ""报价"": 0.6875, ""平台收入"": 0.306, ""平台效用"": 0.2572, ""买家效用"": 0.3617, ""增益"": 0.9712}, {""轮次"": 10, ""价格"": 0.75, ""报价"": 0.5883, ""平台收入"": 0.2165, ""平台效用"": 0.1855, ""买家效用"": 0.3355, ""增益"": 0.9383}]}","{""价格"": 0.75}","{""轮次"": 49, ""买家ID"": ""buyer_49"", ""价格"": 0.75, ""报价"": 0.9825, ""买家效用"": 0.596704, ""平台效用"": 0.307366, ""卖家效用"": [0.012393, -0.019999, 0.008582], ""平台收入"": 0.368342, ""增益"": 0.9822}","{""role"": ""平台"", ""fallback"": false, ""raw"": ""{\""reasoning\"": \""当前处于最后一轮（49/50），历史显示0.75定价在高报价期能稳定获得最高收入0.3683，且近期买家报价多高于0.75，维持0.75可最大化最终收益并避免流拍风险。\"", \""价格\"": 0.75}"", ""error"": null, ""attempts"": 1, ""action"": {""价格"": 0.75}}"
49,平台,"{""当前轮次"": 50, ""总轮次"": 50, ""候选价格"": [0.1, 0.15, 0.2, 0.25, 0.3, 0.35, 0.4, 0.45, 0.5, 0.55, 0.6, 0.65, 0.7, 0.75, 0.8, 0.85, 0.9, 0.95, 1.0, 1.05, 1.1, 1.15, 1.2, 1.25, 1.3, 1.35, 1.4, 1.45, 1.5, 1.55, 1.6], ""卖家数量"": 3, ""最近历史"": [{""轮次"": 1, ""价格"": 0.75, ""报价"": 0.9698, ""平台收入"": 0.3683, ""平台效用"": 0.3074, ""买家效用"": 0.5842, ""增益"": 0.9822}, {""轮次"": 2, ""价格"": 0.75, ""报价"": 0.7372, ""平台收入"": 0.3557, ""平台效用"": 0.297, ""买家效用"": 0.3681, ""增益"": 0.9818}, {""轮次"": 3, ""价格"": 0.75, ""报价"": 1.1327, ""平台收入"": 0.3683, ""平台效用"": 0.3074, ""买家效用"": 0.7442, ""增益"": 0.9822}, {""轮次"": 4, ""价格"": 0.75, ""报价"": 1.0003, ""平台收入"": 0.3683, ""平台效用"": 0.3074, ""买家效用"": 0.6142, ""增益"": 0.9822}, {""轮次"": 5, ""价格"": 0.75, ""报价"": 0.6124, ""平台收入"": 0.2369, ""平台效用"": 0.2012, ""买家效用"": 0.3434, ""增益"": 0.9475}, {""轮次"": 6, ""价格"": 0.75, ""报价"": 1.1323, ""平台收入"": 0.3683, ""平台效用"": 0.3074, ""买家效用"": 0.7438, ""增益"": 0.9822}, {""轮次"": 7, ""价格"": 0.75, ""报价"": 1.1048, ""平台收入"": 0.3683, ""平台效用"": 0.3074, ""买家效用"": 0.7168, ""增益"": 0.9822}, {""轮次"": 8, ""价格"": 0.75, ""报价"": 0.6875, ""平台收入"": 0.306, ""平台效用"": 0.2572, ""买家效用"": 0.3617, ""增益"": 0.9712}, {""轮次"": 9, ""价格"": 0.75, ""报价"": 0.5883, ""平台收入"": 0.2165, ""平台效用"": 0.1855, ""买家效用"": 0.3355, ""增益"": 0.9383}, {""轮次"": 10, ""价格"": 0.75, ""报价"": 0.9825, ""平台收入"": 0.3683, ""平台效用"": 0.3074, ""买家效用"": 0.5967, ""增益"": 0.9822}]}","{""价格"": 0.75}","{""轮次"": 50, ""买家ID"": ""buyer_50"", ""价格"": 0.75, ""报价"": 0.4398, ""买家效用"": 0.283867, ""平台效用"": 0.101193, ""卖家效用"": [-0.012353, -0.019985, -0.011117], ""平台收入"": 0.117738, ""增益"": 0.9133}","{""role"": ""平台"", ""fallback"": false, ""raw"": ""{\""reasoning\"": \""最后一轮，历史显示0.75定价在高报价期稳定获得最高收入0.3683，维持0.75可最大化最终收益并避免流拍风险。\"", \""价格\"": 0.75}"", ""error"": null, ""attempts"": 1, ""action"": {""价格"": 0.75}}"
